{
	"credit": "Created by Mickey Joe Alpha - http://YouTube.com/@MushirMickeyJoe",
	"ambientocclusion": false,
	"textures": {
		"particle": "block/warped_fungus_0"
	},
	"elements": [
		{
			"from": [6, 4, 6],
			"to": [8, 8, 8],
			"rotation": {"angle": 0, "axis": "y", "origin": [7, 8, 7]},
			"faces": {
				"north": {"uv": [8, 11, 10, 15], "texture": "#particle"},
				"east": {"uv": [8, 11, 10, 15], "texture": "#particle"},
				"south": {"uv": [8, 11, 10, 15], "texture": "#particle"},
				"west": {"uv": [8, 11, 10, 15], "texture": "#particle"}
			}
		},
		{
			"from": [4, 8, 4],
			"to": [10, 11, 10],
			"rotation": {"angle": 0, "axis": "y", "origin": [7, 8, 7]},
			"faces": {
				"north": {"uv": [1, 8, 7, 11], "texture": "#particle"},
				"east": {"uv": [1, 8, 7, 11], "texture": "#particle"},
				"south": {"uv": [1, 8, 7, 11], "texture": "#particle"},
				"west": {"uv": [1, 11, 7, 14], "texture": "#particle"},
				"up": {"uv": [10, 10, 16, 16], "texture": "#particle"},
				"down": {"uv": [9, 1, 15, 7], "texture": "#particle"}
			}
		}
	]
}