{
	"credit": "Created by Mickey Joe Alpha - http://YouTube.com/@MushirMickeyJoe",
	"ambientocclusion": false,
	"textures": {
		"particle": "block/flower_pot",
		"dirt": "block/dirt",
		"mushroom": "block/brown_mushroom"
	},
	"elements": [ 	 
		{
			"from": [ 7, 4, 7 ],
			"to": [ 9, 11, 9 ],
			"faces": {
				"north": { "uv": [ 8, 8, 10, 15 ], "texture": "#mushroom" },
				"south": { "uv": [ 8, 8, 10, 15 ], "texture": "#mushroom" },
				"west": { "uv": [ 8, 8, 10, 15 ], "texture": "#mushroom" },
				"east": { "uv": [ 8, 8, 10, 15 ], "texture": "#mushroom" }
			}
		},
		{
			"from": [ 4, 11, 4 ],
			"to": [ 12, 13, 12 ],
			"faces": {
				"down": { "uv": [ 8, 0, 16, 8 ], "texture": "#mushroom" },
				"up": { "uv": [ 0, 0, 8, 8 ], "texture": "#mushroom" },
				"north": { "uv": [ 0, 8, 8, 10 ], "texture": "#mushroom" },
				"south": { "uv": [ 0, 10, 8, 12 ], "texture": "#mushroom" },
				"west": { "uv": [ 0, 8, 8, 10 ], "texture": "#mushroom" },
				"east": { "uv": [ 0, 8, 8, 10 ], "texture": "#mushroom" }
			}
		}
	],
	"display": {
		"head": {
			"translation":  [ 0, 14.6, 0 ]
		}
	}
}