{
	"credit": "Created by Mickey Joe Alpha - http://YouTube.com/@MushirMickeyJoe",
	"textures": {
		"particle": "block/warped_fungus_0"
	},
	"elements": [
		{
			"from": [6, -1.5, 5.9],
			"to": [8, 4.5, 7.9],
			"rotation": {"angle": -22.5, "axis": "x", "origin": [7, 5, 7]},
			"faces": {
				"north": {"uv": [8, 10, 10, 16], "texture": "#particle"},
				"east": {"uv": [8, 10, 10, 16], "texture": "#particle"},
				"south": {"uv": [8, 10, 10, 16], "texture": "#particle"},
				"west": {"uv": [8, 10, 10, 16], "texture": "#particle"},
				"down": {"uv": [10, 8, 12, 10], "texture": "#particle", "cullface": "down"}
			}
		},
		{
			"from": [3, 4.75, 1.75],
			"to": [11, 7.75, 9.75],
			"rotation": {"angle": -22.5, "axis": "x", "origin": [7, 8, 7]},
			"faces": {
				"north": {"uv": [0, 8, 8, 11], "texture": "#particle"},
				"east": {"uv": [0, 8, 8, 11], "texture": "#particle"},
				"south": {"uv": [0, 11, 8, 14], "texture": "#particle"},
				"west": {"uv": [0, 8, 8, 11], "texture": "#particle"},
				"up": {"uv": [0, 0, 8, 8], "texture": "#particle"},
				"down": {"uv": [8, 0, 16, 8], "texture": "#particle"}
			}
		}
	]
}