{
	"format_version": "1.21.6",
	"credit": "Created by Mickey Joe Alpha - http://YouTube.com/@MushirMickeyJoe",
	"ambientocclusion": false,
	"textures": {
		"particle": "block/azure_bluet"
	},
	"elements": [
		{
			"from": [4, 0, 8],
			"to": [11, 9, 8],
			"shade": false,
			"rotation": {"angle": -45, "axis": "y", "origin": [7.75, 4.5, 8.25]},
			"faces": {
				"north": {"uv": [9, 7, 16, 16], "texture": "#particle"},
				"south": {"uv": [16, 7, 9, 16], "texture": "#particle"}
			}
		},
		{
			"from": [8, 0, 5],
			"to": [8, 9, 12],
			"shade": false,
			"rotation": {"angle": -45, "axis": "y", "origin": [7.75, 4.5, 8.25]},
			"faces": {
				"east": {"uv": [16, 7, 9, 16], "texture": "#particle"},
				"west": {"uv": [9, 7, 16, 16], "texture": "#particle"}
			}
		},
		{
			"from": [5.25, 2, 3.9],
			"to": [5.25, 5, 6.9],
			"shade": false,
			"rotation": {"angle": -45, "axis": "y", "origin": [5.25, 3.5, 5.4]},
			"faces": {
				"east": {"uv": [3, 0, 0, 3], "texture": "#particle"},
				"west": {"uv": [0, 0, 3, 3], "texture": "#particle"}
			}
		},
		{
			"from": [6.65, 3, 6.625],
			"to": [6.65, 6, 9.625],
			"shade": false,
			"rotation": {"angle": 0, "axis": "y", "origin": [6.65, 4.5, 8.125]},
			"faces": {
				"east": {"uv": [3, 0, 0, 3], "texture": "#particle"},
				"west": {"uv": [0, 0, 3, 3], "texture": "#particle"}
			}
		},
		{
			"from": [3.75, 2, 11.1],
			"to": [6.75, 5, 11.1],
			"shade": false,
			"rotation": {"angle": -45, "axis": "y", "origin": [5.25, 3.5, 11.1]},
			"faces": {
				"north": {"uv": [3, 0, 0, 3], "texture": "#particle"},
				"south": {"uv": [0, 0, 3, 3], "texture": "#particle"}
			}
		},
		{
			"from": [8.75, 4, 10.375],
			"to": [11.75, 7, 10.375],
			"shade": false,
			"rotation": {"angle": 45, "axis": "y", "origin": [10.25, 5.5, 10.375]},
			"faces": {
				"north": {"uv": [3, 0, 0, 3], "texture": "#particle"},
				"south": {"uv": [0, 0, 3, 3], "texture": "#particle"}
			}
		},
		{
			"from": [10.25, 4, 4.6],
			"to": [10.25, 7, 7.6],
			"shade": false,
			"rotation": {"angle": 45, "axis": "y", "origin": [10.25, 5.5, 6.1]},
			"faces": {
				"east": {"uv": [0, 0, 3, 3], "texture": "#particle"},
				"west": {"uv": [3, 0, 0, 3], "texture": "#particle"}
			}
		},
		{
			"from": [9.525, 1, 6.85],
			"to": [9.525, 4, 9.85],
			"shade": false,
			"rotation": {"angle": 0, "axis": "z", "origin": [9.525, 3, 8.35]},
			"faces": {
				"east": {"uv": [0, 0, 3, 3], "texture": "#particle"},
				"west": {"uv": [3, 0, 0, 3], "texture": "#particle"}
			}
		},
		{
			"from": [4.5, 5, 6.1],
			"to": [7.5, 8, 6.1],
			"shade": false,
			"rotation": {"angle": 45, "axis": "y", "origin": [6, 6.5, 6.1]},
			"faces": {
				"north": {"uv": [0, 0, 3, 3], "texture": "#particle"},
				"south": {"uv": [3, 0, 0, 3], "texture": "#particle"}
			}
		},
		{
			"from": [7.4, 7, 6.025],
			"to": [7.4, 10, 9.025],
			"shade": false,
			"rotation": {"angle": -45, "axis": "y", "origin": [7.4, 8.5, 7.525]},
			"faces": {
				"east": {"uv": [3, 0, 0, 3], "texture": "#particle"},
				"west": {"uv": [0, 0, 3, 3], "texture": "#particle"}
			}
		},
		{
			"from": [7.3, 6, 8.95],
			"to": [10.3, 9, 8.95],
			"shade": false,
			"rotation": {"angle": 45, "axis": "y", "origin": [8.8, 7.5, 8.95]},
			"faces": {
				"north": {"uv": [0, 0, 3, 3], "texture": "#particle"},
				"south": {"uv": [3, 0, 0, 3], "texture": "#particle"}
			}
		},
		{
			"from": [6, 5, 8.85],
			"to": [6, 8, 11.85],
			"shade": false,
			"rotation": {"angle": 45, "axis": "y", "origin": [6, 6.5, 10.35]},
			"faces": {
				"east": {"uv": [3, 0, 0, 3], "texture": "#particle"},
				"west": {"uv": [0, 0, 3, 3], "texture": "#particle"}
			}
		}
	],
	"gui_light": "front",
	"display": {
		"thirdperson_righthand": {
			"translation": [-0.25, 8, 1.25]
		},
		"thirdperson_lefthand": {
			"translation": [-0.75, 8, 1.25]
		},
		"firstperson_righthand": {
			"rotation": [-12, 58, 5],
			"translation": [1.63, 5.95, 0.88],
			"scale": [0.68, 0.68, 0.68]
		},
		"firstperson_lefthand": {
			"rotation": [-12, -165, 5],
			"translation": [1.63, 5.95, 0.88],
			"scale": [0.68, 0.68, 0.68]
		},
		"ground": {
			"translation": [0, 3, 0],
			"scale": [0.5, 0.5, 0.5]
		},
		"gui": {
			"rotation": [-118.51, 45.5, 124.64],
			"translation": [-3.5, 3.5, 0],
			"scale": [1.5, 1.5, 1.5]
		},
		"head": {
			"rotation": [-87, 0, -90],
			"translation": [4.75, -5, -7.25]
		},
		"fixed": {
			"rotation": [-31, -90, 0],
			"translation": [0.25, 6.75, -7.5],
			"scale": [2, 2, 2]
		}
	}
}