{
	"credit": "Created by Mickey Joe Alpha - http://YouTube.com/@MushirMickeyJoe",
	"ambientocclusion": false,
	"textures": {
		"particle": "block/crimson_fungus_0"
	},
	"elements": [
		{
			"from": [4.5, 9, 4.5],
			"to": [9.5, 16, 9.5],
			"rotation": {"angle": 0, "axis": "y", "origin": [6, 8, 7]},
			"faces": {
				"north": {"uv": [0, 5, 5, 12], "texture": "#particle"},
				"east": {"uv": [5, 5, 10, 12], "texture": "#particle"},
				"south": {"uv": [0, 5, 5, 12], "texture": "#particle"},
				"west": {"uv": [5, 5, 10, 12], "texture": "#particle"},
				"up": {"uv": [0, 0, 5, 5], "texture": "#particle"},
				"down": {"uv": [5, 0, 10, 5], "texture": "#particle"}
			}
		},
		{
			"from": [6, 4, 6],
			"to": [8, 9, 8],
			"rotation": {"angle": 0, "axis": "y", "origin": [6, 8, 7]},
			"faces": {
				"north": {"uv": [10, 1, 12, 6], "texture": "#particle"},
				"east": {"uv": [10, 1, 12, 6], "texture": "#particle"},
				"south": {"uv": [10, 1, 12, 6], "texture": "#particle"},
				"west": {"uv": [10, 1, 12, 6], "texture": "#particle"}
			}
		}
	]
}