{
	"format_version": "1.21.6",
	"credit": "Created by Mickey Joe Alpha - http://YouTube.com/@MushirMickeyJoe",
	"parent": "block/rose_bush/rose_bush_top",
	"textures": {
		"particle": "block/rose_bush/rose_bush_rose_0"
	},
	"elements": [
		{
			"from": [2.5, 6.5, 14],
			"to": [5.5, 9.5, 16],
			"shade": false,
			"rotation": {"angle": 22.5, "axis": "z", "origin": [4, 8, 15.25]},
			"faces": {
				"north": {"uv": [13, 8, 16, 11], "rotation": 270, "texture": "#particle"},
				"east": {"uv": [13, 8, 10, 6], "rotation": 270, "texture": "#particle"},
				"west": {"uv": [16, 6, 13, 8], "rotation": 270, "texture": "#particle"},
				"up": {"uv": [13, 8, 11, 11], "rotation": 90, "texture": "#particle"},
				"down": {"uv": [11, 8, 13, 11], "rotation": 90, "texture": "#particle"}
			}
		},
		{
			"from": [3, 7, 14],
			"to": [5, 9, 17],
			"shade": false,
			"rotation": {"angle": -45, "axis": "z", "origin": [4, 8, 15.25]},
			"faces": {
				"east": {"uv": [10, 14, 13, 16], "texture": "#particle"},
				"west": {"uv": [13, 14, 10, 16], "texture": "#particle"},
				"up": {"uv": [13, 14, 11, 11], "rotation": 180, "texture": "#particle"},
				"down": {"uv": [15, 11, 13, 14], "rotation": 180, "texture": "#particle"}
			}
		},
		{
			"from": [5, 9, 17],
			"to": [3, 7, 14.1],
			"shade": false,
			"rotation": {"angle": -45, "axis": "z", "origin": [4, 8, 15.25]},
			"faces": {
				"east": {"uv": [10, 14, 13, 16], "rotation": 180, "texture": "#particle"},
				"south": {"uv": [10, 8, 8, 6], "texture": "#particle"},
				"west": {"uv": [13, 14, 10, 16], "rotation": 180, "texture": "#particle"},
				"up": {"uv": [15, 11, 13, 14], "rotation": 180, "texture": "#particle"},
				"down": {"uv": [13, 14, 11, 11], "rotation": 180, "texture": "#particle"}
			}
		},
		{
			"from": [3.5, 7.5, 14.5],
			"to": [4.5, 8.5, 17.5],
			"shade": false,
			"rotation": {"angle": -22.5, "axis": "z", "origin": [4, 8, 15.25]},
			"faces": {
				"east": {"uv": [15, 13, 16, 16], "rotation": 90, "texture": "#particle"},
				"west": {"uv": [15, 16, 16, 13], "rotation": 90, "texture": "#particle"},
				"up": {"uv": [16, 16, 15, 13], "rotation": 180, "texture": "#particle"},
				"down": {"uv": [16, 13, 15, 16], "rotation": 180, "texture": "#particle"}
			}
		},
		{
			"from": [5.5, 9.5, 16],
			"to": [2.5, 6.5, 14],
			"shade": false,
			"rotation": {"angle": 22.5, "axis": "z", "origin": [4, 8, 15.25]},
			"faces": {
				"east": {"uv": [13, 4, 16, 6], "rotation": 270, "texture": "#particle"},
				"south": {"uv": [8, 8, 11, 11], "rotation": 270, "texture": "#particle"},
				"west": {"uv": [13, 4, 16, 2], "rotation": 270, "texture": "#particle"},
				"up": {"uv": [13, 2, 11, 5], "rotation": 270, "texture": "#particle"},
				"down": {"uv": [11, 2, 13, 5], "rotation": 270, "texture": "#particle"}
			}
		},
		{
			"from": [2.25, 6.25, 15],
			"to": [5.75, 9.75, 17],
			"shade": false,
			"rotation": {"angle": 32.5, "axis": "z", "origin": [4, 8, 15.25]},
			"faces": {
				"east": {"uv": [11, 14, 9, 11], "texture": "#particle"},
				"west": {"uv": [9, 11, 11, 14], "texture": "#particle"},
				"up": {"uv": [9, 11, 11, 14], "rotation": 90, "texture": "#particle"},
				"down": {"uv": [11, 14, 9, 11], "rotation": 90, "texture": "#particle"}
			}
		},
		{
			"from": [5.75, 9.75, 17],
			"to": [2.25, 6.25, 15],
			"shade": false,
			"rotation": {"angle": 32.5, "axis": "z", "origin": [4, 8, 15.25]},
			"faces": {
				"east": {"uv": [9, 14, 11, 11], "texture": "#particle"},
				"west": {"uv": [11, 11, 9, 14], "texture": "#particle"},
				"up": {"uv": [11, 11, 9, 14], "rotation": 90, "texture": "#particle"},
				"down": {"uv": [9, 14, 11, 11], "rotation": 90, "texture": "#particle"}
			}
		},
		{
			"from": [3.5, 7.5, 14.5],
			"to": [4.5, 8.5, 14.5],
			"shade": false,
			"rotation": {"angle": -22.5, "axis": "z", "origin": [4, 8, 15.25]},
			"faces": {
				"south": {"uv": [10, 5, 9, 6], "texture": "#particle"}
			}
		}
	]
}