{
	"format_version": "1.21.6",
	"credit": "Created by Mickey Joe Alpha - http://YouTube.com/@MushirMickeyJoe",
	"parent": "block/rose_bush/rose_bush_top",
	"textures": {
		"particle": "block/rose_bush/rose_bush_rose_0"
	},
	"elements": [
		{
			"from": [-1, 2.5, 10],
			"to": [1, 5.5, 13],
			"shade": false,
			"rotation": {"angle": 22.5, "axis": "x", "origin": [-0.25, 4, 11.5]},
			"faces": {
				"north": {"uv": [13, 8, 11, 11], "texture": "#particle"},
				"east": {"uv": [13, 8, 16, 11], "texture": "#particle"},
				"south": {"uv": [11, 8, 13, 11], "texture": "#particle"},
				"up": {"uv": [13, 8, 10, 6], "rotation": 270, "texture": "#particle"},
				"down": {"uv": [16, 6, 13, 8], "rotation": 90, "texture": "#particle"}
			}
		},
		{
			"from": [-2, 3, 10.5],
			"to": [1, 5, 12.5],
			"shade": false,
			"rotation": {"angle": 45, "axis": "x", "origin": [-0.25, 4, 11.5]},
			"faces": {
				"north": {"uv": [13, 14, 10, 16], "texture": "#particle"},
				"south": {"uv": [10, 14, 13, 16], "texture": "#particle"},
				"up": {"uv": [13, 14, 11, 11], "rotation": 270, "texture": "#particle"},
				"down": {"uv": [15, 11, 13, 14], "rotation": 90, "texture": "#particle"}
			}
		},
		{
			"from": [0.9, 5, 12.5],
			"to": [-2, 3, 10.5],
			"shade": false,
			"rotation": {"angle": 45, "axis": "x", "origin": [-0.25, 4, 11.5]},
			"faces": {
				"north": {"uv": [13, 14, 10, 16], "rotation": 180, "texture": "#particle"},
				"south": {"uv": [10, 14, 13, 16], "rotation": 180, "texture": "#particle"},
				"west": {"uv": [10, 8, 8, 6], "texture": "#particle"},
				"up": {"uv": [15, 11, 13, 14], "rotation": 270, "texture": "#particle"},
				"down": {"uv": [13, 14, 11, 11], "rotation": 90, "texture": "#particle"}
			}
		},
		{
			"from": [-2.5, 3.5, 11],
			"to": [0.5, 4.5, 12],
			"shade": false,
			"rotation": {"angle": -22.5, "axis": "x", "origin": [-0.25, 4, 11.5]},
			"faces": {
				"north": {"uv": [16, 13, 15, 16], "rotation": 270, "texture": "#particle"},
				"south": {"uv": [16, 16, 15, 13], "rotation": 270, "texture": "#particle"},
				"up": {"uv": [15, 16, 16, 13], "rotation": 270, "texture": "#particle"},
				"down": {"uv": [15, 13, 16, 16], "rotation": 90, "texture": "#particle"}
			}
		},
		{
			"from": [1, 5.5, 13],
			"to": [-1, 2.5, 10],
			"shade": false,
			"rotation": {"angle": 22.5, "axis": "x", "origin": [-0.25, 4, 11.5]},
			"faces": {
				"north": {"uv": [13, 2, 11, 5], "rotation": 180, "texture": "#particle"},
				"south": {"uv": [11, 2, 13, 5], "rotation": 180, "texture": "#particle"},
				"west": {"uv": [8, 8, 11, 11], "rotation": 180, "texture": "#particle"},
				"up": {"uv": [13, 4, 16, 6], "rotation": 270, "texture": "#particle"},
				"down": {"uv": [13, 4, 16, 2], "rotation": 90, "texture": "#particle"}
			}
		},
		{
			"from": [-2, 2.25, 9.75],
			"to": [0, 5.75, 13.25],
			"shade": false,
			"rotation": {"angle": 32.5, "axis": "x", "origin": [-0.25, 4, 11.5]},
			"faces": {
				"north": {"uv": [9, 11, 11, 14], "texture": "#particle"},
				"south": {"uv": [11, 14, 9, 11], "texture": "#particle"},
				"up": {"uv": [11, 14, 9, 11], "texture": "#particle"},
				"down": {"uv": [9, 11, 11, 14], "rotation": 180, "texture": "#particle"}
			}
		},
		{
			"from": [0, 5.75, 13.25],
			"to": [-2, 2.25, 9.75],
			"shade": false,
			"rotation": {"angle": 32.5, "axis": "x", "origin": [-0.25, 4, 11.5]},
			"faces": {
				"north": {"uv": [11, 11, 9, 14], "texture": "#particle"},
				"south": {"uv": [9, 14, 11, 11], "texture": "#particle"},
				"up": {"uv": [9, 14, 11, 11], "texture": "#particle"},
				"down": {"uv": [11, 11, 9, 14], "rotation": 180, "texture": "#particle"}
			}
		},
		{
			"from": [0.5, 3.5, 11],
			"to": [0.5, 4.5, 12],
			"shade": false,
			"rotation": {"angle": -22.5, "axis": "x", "origin": [-0.25, 4, 11.5]},
			"faces": {
				"west": {"uv": [10, 5, 9, 6], "rotation": 90, "texture": "#particle"}
			}
		}
	]
}