{
  "music_disc.mellohi": {
    "sounds": [
      {
        "attenuation_distance": 16,
        "name": "records/mellohi",
        "stream": true
      }
    ]
  },
  "music_disc.relic": {
    "sounds": [
      {
        "name": "records/relic",
        "stream": true
      }
    ]
  },
  "music_disc.stal": {
    "sounds": [
      {
        "attenuation_distance": 16,
        "name": "records/stal",
        "stream": true
      }
    ]
  },
  "music_disc.strad": {
    "sounds": [
      {
        "attenuation_distance": 16,
        "name": "records/strad",
        "stream": true
      }
    ]
  },
  "music_disc.wait": {
    "sounds": [
      {
        "attenuation_distance": 16,
        "name": "records/wait",
        "stream": true
      }
    ]
  },
  "music_disc.ward": {
    "sounds": [
      {
        "attenuation_distance": 16,
        "name": "records/ward",
        "stream": true
      }
    ]
  }
}