{
	"format_version": "1.21.6",
	"credit": "Created by Mickey Joe Alpha - http://YouTube.com/@MushirMickeyJoe",
	"parent": "block/block",
	"textures": {
		"particle": "block/lilac/lilac_0"
	},
	"elements": [
		{
			"from": [-7, -5, 4],
			"to": [23, 13, 4],
			"shade": false,
			"rotation": {"angle": -4.95, "axis": "x", "origin": [8, -5, 4]},
			"faces": {
				"north": {"uv": [0, 0, 15, 9], "texture": "#particle"},
				"south": {"uv": [15, 0, 0, 9], "texture": "#particle"}
			}
		},
		{
			"from": [-7, -5, 12],
			"to": [23, 13, 12],
			"shade": false,
			"rotation": {"angle": 4.95, "axis": "x", "origin": [8, -5, 12]},
			"faces": {
				"north": {"uv": [15, 0, 0, 9], "texture": "#particle"},
				"south": {"uv": [0, 0, 15, 9], "texture": "#particle"}
			}
		},
		{
			"from": [12, -5, -7],
			"to": [12, 13, 23],
			"shade": false,
			"rotation": {"angle": -4.95, "axis": "z", "origin": [12, -5, 8]},
			"faces": {
				"east": {"uv": [0, 0, 15, 9], "texture": "#particle"},
				"west": {"uv": [15, 0, 0, 9], "texture": "#particle"}
			}
		},
		{
			"from": [4, -5, -7],
			"to": [4, 13, 23],
			"shade": false,
			"rotation": {"angle": 4.95, "axis": "z", "origin": [4, -5, 8]},
			"faces": {
				"east": {"uv": [15, 0, 0, 9], "texture": "#particle"},
				"west": {"uv": [0, 0, 15, 9], "texture": "#particle"}
			}
		},
		{
			"from": [8, 0, 1],
			"to": [8, 16, 15],
			"shade": false,
			"rotation": {"angle": -45, "axis": "y", "origin": [8, -4, 8]},
			"faces": {
				"east": {"uv": [8, 16, 16, 9], "rotation": 270, "texture": "#particle"},
				"west": {"uv": [16, 9, 8, 16], "rotation": 90, "texture": "#particle"}
			}
		},
		{
			"from": [1, 0, 8],
			"to": [15, 16, 8],
			"shade": false,
			"rotation": {"angle": -45, "axis": "y", "origin": [8, -4, 8]},
			"faces": {
				"north": {"uv": [16, 9, 8, 16], "rotation": 90, "texture": "#particle"},
				"south": {"uv": [8, 16, 16, 9], "rotation": 270, "texture": "#particle"}
			}
		}
	],
	"gui_light": "front",
	"display": {
		"firstperson_righthand": {
			"translation": [17.25, -3, -12.25]
		},
		"firstperson_lefthand": {
			"translation": [17.25, -3, -12.25]
		},
		"gui": {
			"rotation": [30, -38, 0],
			"translation": [0, 1.75, 0],
			"scale": [0.67, 0.67, 0.67]
		},
		"fixed": {
			"rotation": [-25, 0, 0],
			"translation": [0, 3.5, -1]
		},
		"on_shelf": {
			"translation": [0, 0, 1]
		}
	}
}