{
	"format_version": "1.21.6",
	"credit": "Created by Mickey Joe Alpha - http://YouTube.com/@MushirMickeyJoe",
	"textures": {
		"particle": "block/lilac/lilac_0"
	},
	"elements": [
		{
			"from": [8, 0, 1],
			"to": [8, 16, 15],
			"shade": false,
			"rotation": {"angle": 45, "axis": "y", "origin": [8, 12, 8]},
			"faces": {
				"east": {"uv": [8, 16, 0, 9], "rotation": 90, "texture": "#particle"},
				"west": {"uv": [0, 9, 8, 16], "rotation": 270, "texture": "#particle"}
			}
		},
		{
			"from": [1, 0, 8],
			"to": [15, 16, 8],
			"shade": false,
			"rotation": {"angle": 45, "axis": "y", "origin": [8, 12, 8]},
			"faces": {
				"north": {"uv": [8, 16, 0, 9], "rotation": 90, "texture": "#particle"},
				"south": {"uv": [0, 9, 8, 16], "rotation": 270, "texture": "#particle"}
			}
		}
	]
}