{
	"credit": "Created by Mickey Joe Alpha - http://YouTube.com/@MushirMickeyJoe",
	"ambientocclusion": false,
	"textures": {
		"particle": "block/warped_fungus_0"
	},
	"elements": [
		{
			"from": [6, 4, 6],
			"to": [8, 10, 8],
			"rotation": {"angle": 0, "axis": "y", "origin": [7, 8, 7]},
			"faces": {
				"north": {"uv": [8, 9, 10, 15], "texture": "#particle"},
				"east": {"uv": [8, 9, 10, 15], "texture": "#particle"},
				"south": {"uv": [8, 9, 10, 15], "texture": "#particle"},
				"west": {"uv": [8, 9, 10, 15], "texture": "#particle"}
			}
		},
		{
			"from": [3, 10, 3],
			"to": [11, 13, 11],
			"rotation": {"angle": 0, "axis": "y", "origin": [7, 8, 7]},
			"faces": {
				"north": {"uv": [8, 8, 0, 11], "texture": "#particle"},
				"east": {"uv": [0, 8, 8, 11], "texture": "#particle"},
				"south": {"uv": [0, 11, 8, 14], "texture": "#particle"},
				"west": {"uv": [0, 8, 8, 11], "texture": "#particle"},
				"up": {"uv": [0, 0, 8, 8], "texture": "#particle"},
				"down": {"uv": [8, 0, 16, 8], "texture": "#particle"}
			}
		}
	]
}