{
	"format_version": "1.21.6",
	"credit": "Created by Mickey Joe Alpha - http://YouTube.com/@MushirMickeyJoe",
	"ambientocclusion": false,
	"textures": {
		"particle": "block/dandelion/dandelion_1"
	},
	"elements": [
		{
			"from": [8, 4, 4],
			"to": [8, 15, 12],
			"shade": false,
			"rotation": {"angle": 0, "axis": "y", "origin": [8.025, 9.5, 8]},
			"faces": {
				"east": {"uv": [8, 5, 16, 16], "texture": "#particle"},
				"west": {"uv": [16, 5, 8, 16], "texture": "#particle"}
			}
		},
		{
			"from": [4.05, 4, 8],
			"to": [12.05, 15, 8],
			"shade": false,
			"rotation": {"angle": 0, "axis": "y", "origin": [8.025, 9.5, 8]},
			"faces": {
				"north": {"uv": [8, 5, 16, 16], "texture": "#particle"},
				"south": {"uv": [8, 5, 16, 16], "texture": "#particle"}
			}
		},
		{
			"from": [6, 11.5, 8.5],
			"to": [10, 13.5, 12.5],
			"shade": false,
			"rotation": {"angle": 45, "axis": "x", "origin": [8, 11.5, 10.5]},
			"faces": {
				"north": {"uv": [8, 0, 12, 2], "texture": "#particle"},
				"east": {"uv": [8, 0, 12, 2], "texture": "#particle"},
				"south": {"uv": [8, 0, 12, 2], "texture": "#particle"},
				"west": {"uv": [8, 0, 12, 2], "texture": "#particle"},
				"down": {"uv": [12, 0, 16, 4], "texture": "#particle"}
			}
		},
		{
			"from": [5, 13.5, 7.5],
			"to": [11, 13.5, 13.5],
			"shade": false,
			"rotation": {"angle": 45, "axis": "x", "origin": [8, 11.5, 10.5]},
			"faces": {
				"up": {"uv": [0, 0, 6, 6], "texture": "#particle"},
				"down": {"uv": [6, 0, 0, 6], "texture": "#particle"}
			}
		},
		{
			"from": [6, 13.5, 3.5],
			"to": [10, 15.5, 7.5],
			"shade": false,
			"rotation": {"angle": -45, "axis": "x", "origin": [8, 13.5, 5.5]},
			"faces": {
				"north": {"uv": [8, 0, 12, 2], "texture": "#particle"},
				"east": {"uv": [8, 0, 12, 2], "texture": "#particle"},
				"south": {"uv": [8, 0, 12, 2], "texture": "#particle"},
				"west": {"uv": [8, 0, 12, 2], "texture": "#particle"},
				"down": {"uv": [12, 4, 16, 0], "texture": "#particle"}
			}
		},
		{
			"from": [5, 15.5, 2.5],
			"to": [11, 15.5, 8.5],
			"shade": false,
			"rotation": {"angle": -45, "axis": "x", "origin": [8, 13.5, 5.5]},
			"faces": {
				"up": {"uv": [0, 6, 6, 0], "texture": "#particle"},
				"down": {"uv": [6, 6, 0, 0], "texture": "#particle"}
			}
		},
		{
			"from": [6, 12, 3],
			"to": [10, 16, 7],
			"rotation": {"angle": -22.5, "axis": "x", "origin": [8, 14, 5]},
			"faces": {
				"north": {"uv": [0, 12, 4, 16], "texture": "#particle"},
				"east": {"uv": [4, 12, 0, 16], "texture": "#particle"},
				"south": {"uv": [0, 12, 4, 16], "texture": "#particle"},
				"west": {"uv": [4, 12, 0, 16], "texture": "#particle"},
				"up": {"uv": [0, 12, 4, 8], "texture": "#particle"},
				"down": {"uv": [0, 16, 4, 12], "texture": "#particle"}
			}
		},
		{
			"from": [6, 10, 9],
			"to": [10, 14, 13],
			"rotation": {"angle": 22.5, "axis": "x", "origin": [8, 12, 11]},
			"faces": {
				"north": {"uv": [4, 12, 0, 16], "texture": "#particle"},
				"east": {"uv": [0, 12, 4, 16], "texture": "#particle"},
				"south": {"uv": [4, 12, 0, 16], "texture": "#particle"},
				"west": {"uv": [0, 12, 4, 16], "texture": "#particle"},
				"up": {"uv": [0, 8, 4, 12], "texture": "#particle"},
				"down": {"uv": [0, 12, 4, 16], "texture": "#particle"}
			}
		}
	]
}