{
	"format_version": "1.21.6",
	"credit": "Created by Mickey Joe Alpha - http://YouTube.com/@MushirMickeyJoe",
	"ambientocclusion": false,
	"textures": {
		"particle": "block/dandelion/dandelion_1"
	},
	"elements": [
		{
			"from": [7.88211, 1.12132, 6.475],
			"to": [15.88211, 1.12132, 9.475],
			"shade": false,
			"rotation": {"angle": 22.5, "axis": "z", "origin": [9.175, 3.82843, 7.975]},
			"faces": {
				"up": {"uv": [4, 8, 7, 16], "rotation": 90, "texture": "#particle"},
				"down": {"uv": [7, 8, 4, 16], "rotation": 90, "texture": "#particle"}
			}
		},
		{
			"from": [0.14289, 1.12132, 6.475],
			"to": [8.14289, 1.12132, 9.475],
			"shade": false,
			"rotation": {"angle": -22.5, "axis": "z", "origin": [6.85, 3.82843, 7.975]},
			"faces": {
				"up": {"uv": [4, 8, 7, 16], "rotation": 270, "texture": "#particle"},
				"down": {"uv": [7, 8, 4, 16], "rotation": 270, "texture": "#particle"}
			}
		}
	]
}