{
	"model": {
		"type": "range_dispatch",
		"property": "time",
		"source": "daytime",
		"scale": 3,
		"entries": [
			{
				"threshold": 0,
				"model": {
					"type": "model",
					"model": "item/open_eyeblossom_day"
				}
			},
			{
				"threshold": 0.5,
				"model": {
					"type": "model",
					"model": "block/open_eyeblossom"
				}
			},
			{
				"threshold": 1.5,
				"model": {
					"type": "model",
					"model": "block/open_eyeblossom"
				}
			},
			{
				"threshold": 2.5,
				"model": {
					"type": "model",
					"model": "item/open_eyeblossom_day"
				}
			}
		],
		"fallback": {
			"type": "model",
			"model": "block/open_eyeblossom"
		}
	}
}