{
  "model": {
    "type": "minecraft:condition",
    "property": "minecraft:using_item",
    "on_false": {
      "type": "minecraft:select",
      "property": "minecraft:component",
      "component": "minecraft:custom_name",
      "cases": [
        {
          "when": [
            "Master's Shield",
            "Masters Shield",
            "Master Shield"
          ],
          "model": {
            "type": "minecraft:model",
            "model": "minecraft:item/shield/masters_shield"
          }
        },
        {
          "when": [
            "Royal Master's Shield",
            "Royal Masters Shield"
          ],
          "model": {
            "type": "minecraft:model",
            "model": "minecraft:item/shield/royal_masters_shield"
          }
        },
        {
          "when": [
            "Skyward Master's Shield",
            "Skyward Masters Shield"
          ],
          "model": {
            "type": "minecraft:model",
            "model": "minecraft:item/shield/skyward_masters_shield"
          }
        },
        {
          "when": [
            "Dark Master's Shield",
            "Dark Masters Shield"
          ],
          "model": {
            "type": "minecraft:model",
            "model": "minecraft:item/shield/dark_masters_shield"
          }
        },
        {
          "when": [
            "Hero's Shield",
            "Heros Shield"
          ],
          "model": {
            "type": "minecraft:model",
            "model": "minecraft:item/shield/hero_shield"
          }
        }
      ],
      "fallback": {
        "type": "minecraft:special",
        "base": "minecraft:item/shield",
        "model": {
          "type": "minecraft:shield"
        }
      }
    },
    "on_true": {
      "type": "minecraft:select",
      "property": "minecraft:component",
      "component": "minecraft:custom_name",
      "cases": [
        {
          "when": [
            "Master's Shield",
            "Masters Shield",
            "Master Shield"
          ],
          "model": {
            "type": "minecraft:model",
            "model": "minecraft:item/shield/masters_shield_blocking"
          }
        },
        {
          "when": [
            "Royal Master's Shield",
            "Royal Masters Shield"
          ],
          "model": {
            "type": "minecraft:model",
            "model": "minecraft:item/shield/royal_masters_shield_blocking"
          }
        },
        {
          "when": [
            "Skyward Master's Shield",
            "Skyward Masters Shield"
          ],
          "model": {
            "type": "minecraft:model",
            "model": "minecraft:item/shield/skyward_masters_shield_blocking"
          }
        },
        {
          "when": [
            "Dark Master's Shield",
            "Dark Masters Shield"
          ],
          "model": {
            "type": "minecraft:model",
            "model": "minecraft:item/shield/dark_masters_shield_blocking"
          }
        },
        {
          "when": [
            "Hero's Shield",
            "Heros Shield"
          ],
          "model": {
            "type": "minecraft:model",
            "model": "minecraft:item/shield/hero_shield_blocking"
          }
        }
      ],
      "fallback": {
        "type": "minecraft:special",
        "base": "minecraft:item/shield_blocking",
        "model": {
          "type": "minecraft:shield"
        }
      }
    }
  }
}