{
	"credit": "Made with Blockbench",
	"ambientocclusion": false,
	"texture_size": [32, 32],
	"textures": {
		"stage_3_top": "block/pitcher_crop_top_stage_3",
		"particle": "block/pitcher_crop_top"
	},
	"elements": [
		{
			"from": [5.1, -2, 4.9],
			"to": [11.1, 7, 10.9],
			"rotation": {"angle": 0, "axis": "y", "origin": [7.1, -2, 6.9]},
			"faces": {
				"north": {"uv": [3, 0, 6, 4.5], "texture": "#stage_3_top"},
				"east": {"uv": [0, 0, 3, 4.5], "texture": "#stage_3_top"},
				"south": {"uv": [6, 0, 9, 4.5], "texture": "#stage_3_top"},
				"west": {"uv": [3, 0, 0, 4.5], "texture": "#stage_3_top"},
				"down": {"uv": [12, 0, 9, 3], "texture": "#stage_3_top"}
			}
		},
		{
			"from": [11.1, 7, 10.9],
			"to": [5.1, 0, 4.9],
			"rotation": {"angle": 0, "axis": "y", "origin": [13.1, 5, 12.9]},
			"faces": {
				"north": {"uv": [6, 8, 3, 4.5], "texture": "#stage_3_top"},
				"east": {"uv": [0, 8, 3, 4.5], "texture": "#stage_3_top"},
				"south": {"uv": [9, 8, 6, 4.5], "texture": "#stage_3_top"},
				"west": {"uv": [3, 8, 0, 4.5], "texture": "#stage_3_top"},
				"up": {"uv": [12, 4.5, 9, 7.5], "texture": "#stage_3_top"}
			}
		},
		{
			"from": [3.6, 7, 1.9],
			"to": [12.6, 7, 12.9],
			"rotation": {"angle": 22.5, "axis": "x", "origin": [7.6, 7, 10.9]},
			"faces": {
				"up": {"uv": [4.5, 16, 0, 10.5], "texture": "#stage_3_top"},
				"down": {"uv": [0, 10.5, 4.5, 16], "texture": "#stage_3_top"}
			}
		}
	]
}