{
  "multipart": [
    {
      "apply": [
        { "model": "minecraft:block/vine", "weight":3 },
        { "model": "minecraft:block/vine1", "weight":1 }
      ],
      "when": {
        "north": "true"
      }
    },
    {
      "apply": [
        { "model": "minecraft:block/vine", "weight":3 },
        { "model": "minecraft:block/vine1", "weight":1 }
      ],
      "when": {
        "east": "false",
        "north": "false",
        "south": "false",
        "up": "false",
        "west": "false"
      }
    },
    {
      "apply": [
        { "model": "minecraft:block/vine",
        "uvlock": true,
        "y": 90,
        "weight":3 },
        { "model": "minecraft:block/vine1",
        "uvlock": true,
        "y": 90,
        "weight":1 }
      ],
      "when": {
        "east": "true"
      }
    },
    {
      "apply": [
        { "model": "minecraft:block/vine",
        "uvlock": true,
        "y": 90,
        "weight":3 },
        { "model": "minecraft:block/vine1",
        "uvlock": true,
        "y": 90,
        "weight":1 }
      ],
      "when": {
        "east": "false",
        "north": "false",
        "south": "false",
        "up": "false",
        "west": "false"
      }
    },
    {
      "apply": [
        { "model": "minecraft:block/vine",
        "uvlock": true,
        "y": 180,
        "weight":3 },
        { "model": "minecraft:block/vine1",
        "uvlock": true,
        "y": 180,
        "weight":3 }
      ],
      "when": {
        "south": "true"
      }
    },
    {
      "apply": [
        { "model": "minecraft:block/vine",
        "uvlock": true,
        "y": 180,
        "weight":3 },
        { "model": "minecraft:block/vine1",
        "uvlock": true,
        "y": 180,
        "weight":1 }
      ],
      "when": {
        "east": "false",
        "north": "false",
        "south": "false",
        "up": "false",
        "west": "false"
      }
    },
    {
      "apply": [
        { "model": "minecraft:block/vine",
        "uvlock": true,
        "y": 270,
        "weight":3 },
        { "model": "minecraft:block/vine1",
        "uvlock": true,
        "y": 270,
        "weight":1 }
      ],
      "when": {
        "west": "true"
      }
    },
    {
      "apply": [
        { "model": "minecraft:block/vine",
        "uvlock": true,
        "y": 270,
        "weight":3 },
        { "model": "minecraft:block/vine1",
        "uvlock": true,
        "y": 270,
        "weight":1 }
      ],
      "when": {
        "east": "false",
        "north": "false",
        "south": "false",
        "up": "false",
        "west": "false"
      }
    },
    {
      "apply": [
        { "model": "minecraft:block/vine",
        "uvlock": true,
        "x": 270,
        "weight":3 },
        { "model": "minecraft:block/vine1",
        "uvlock": true,
        "x": 270,
        "weight":1 }
      ],
      "when": {
        "up": "true"
      }
    },
    {
      "apply": [
        { "model": "minecraft:block/vine",
        "uvlock": true,
        "x": 270,
        "weight":3 },
        { "model": "minecraft:block/vine1",
        "uvlock": true,
        "x": 270,
        "weight":1 }
      ],
      "when": {
        "east": "false",
        "north": "false",
        "south": "false",
        "up": "false",
        "west": "false"
      }
    }
  ]
}