{
  "oversized_in_gui": true,
  "model": {
    "type": "condition",
    "on_false": {
      "type": "select",
      "property": "component",
      "component": "custom_name",
      "cases": [
        {
          "when": "Shieldbreaker Bow",
          "model": {
            "type": "model",
            "model": "item/bow/shieldbreaker_bow"
          }
        }
      ],
      "fallback": {
        "type": "condition",
        "property": "component",
        "predicate": "custom_data",
        "value": {
          "equipment": "netherite"
        },
        "on_true": {
          "type": "model",
          "model": "item/bow/netherite_bow"
        },
        "on_false": {
          "type": "model",
          "model": "item/bow"
        }
      }
    },
    "on_true": {
      "type": "range_dispatch",
      "entries": [
        {
          "model": {
            "type": "select",
            "property": "component",
            "component": "custom_name",
            "cases": [
              {
                "when": "Shieldbreaker Bow",
                "model": {
                  "type": "model",
                  "model": "item/bow/shieldbreaker_bow_pulling_1"
                }
              }
            ],
            "fallback": {
              "type": "condition",
              "property": "component",
              "predicate": "custom_data",
              "value": {
                "equipment": "netherite"
              },
              "on_true": {
                "type": "model",
                "model": "item/bow/netherite_bow_pulling_1"
              },
              "on_false": {
                "type": "model",
                "model": "item/bow_pulling_1"
              }
            }
          },
          "threshold": 0.65
        },
        {
          "model": {
            "type": "select",
            "property": "component",
            "component": "custom_name",
            "cases": [
              {
                "when": "Shieldbreaker Bow",
                "model": {
                  "type": "model",
                  "model": "item/bow/shieldbreaker_bow_pulling_2"
                }
              }
            ],
            "fallback": {
              "type": "condition",
              "property": "component",
              "predicate": "custom_data",
              "value": {
                "equipment": "netherite"
              },
              "on_true": {
                "type": "model",
                "model": "item/bow/netherite_bow_pulling_2"
              },
              "on_false": {
                "type": "model",
                "model": "item/bow_pulling_2"
              }
            }
          },
          "threshold": 0.9
        }
      ],
      "fallback": {
        "type": "select",
        "property": "component",
        "component": "custom_name",
        "cases": [
          {
            "when": "Shieldbreaker Bow",
            "model": {
              "type": "model",
              "model": "item/bow/shieldbreaker_bow_pulling_0"
            }
          }
        ],
        "fallback": {
          "type": "condition",
          "property": "component",
          "predicate": "custom_data",
          "value": {
            "equipment": "netherite"
          },
          "on_true": {
            "type": "model",
            "model": "item/bow/netherite_bow_pulling_0"
          },
          "on_false": {
            "type": "model",
            "model": "item/bow_pulling_0"
          }
        }
      },
      "property": "use_duration",
      "scale": 0.05
    },
    "property": "using_item"
  }
}