{
  "oversized_in_gui": true,
  "model": {
    "type": "condition",
    "property": "has_component",
    "component": "custom_name",
    "on_true": {
      "type": "select",
      "property": "component",
      "component": "custom_name",
      "cases": [
        {
          "when": "Fairy",
          "model": {
            "type": "model",
            "model": "item/totem_of_undying/fairy"
          }
        }
      ],
      "fallback": {
        "type": "model",
        "model": "item/totem_of_undying"
      }
    },
    "on_false": {
      "type": "model",
      "model": "item/totem_of_undying"
    }
  }
}