{
	"credit": "Created by Mickey Joe Alpha - http://YouTube.com/@MushirMickeyJoe",
    "variants": {
        "age=0": [
            { "model": "block/chorus_flower_age_0" },
            { "model": "block/chorus_flower_age_0", "y": 90 },
            { "model": "block/chorus_flower_age_0", "y": 180 },
            { "model": "block/chorus_flower_age_0", "y": 270 }
        ],
        "age=1": [
            { "model": "block/chorus_flower_age_1" },
            { "model": "block/chorus_flower_age_1", "y": 90 },
            { "model": "block/chorus_flower_age_1", "y": 180 },
            { "model": "block/chorus_flower_age_1", "y": 270 }
        ],
        "age=2": [
            { "model": "block/chorus_flower_age_2" },
            { "model": "block/chorus_flower_age_2", "y": 90 },
            { "model": "block/chorus_flower_age_2", "y": 180 },
            { "model": "block/chorus_flower_age_2", "y": 270 }
        ],
        "age=3": [
            { "model": "block/chorus_flower_age_3" },
            { "model": "block/chorus_flower_age_3", "y": 90 },
            { "model": "block/chorus_flower_age_3", "y": 180 },
            { "model": "block/chorus_flower_age_3", "y": 270 }
        ],
        "age=4": [
            { "model": "block/chorus_flower_age_4" },
            { "model": "block/chorus_flower_age_4", "y": 90 },
            { "model": "block/chorus_flower_age_4", "y": 180 },
            { "model": "block/chorus_flower_age_4", "y": 270 }
        ],
        "age=5": [
            { "model": "block/chorus_flower_age_5" },
            { "model": "block/chorus_flower_age_5", "y": 90 },
            { "model": "block/chorus_flower_age_5", "y": 180 },
            { "model": "block/chorus_flower_age_5", "y": 270 }
        ]
    }
}