{
	"format_version": "1.21.6",
	"credit": "Created by Mickey Joe Alpha - http://YouTube.com/@MushirMickeyJoe",
	"parent": "block/peony/peony_flower_0_0",
	"textures": {
		"particle": "block/peony/peony_flower_1"
	},
	"display": {
		"thirdperson_righthand": {
			"rotation": [75, 45, 0],
			"translation": [0, 2.5, 0],
			"scale": [0.375, 0.375, 0.375]
		},
		"thirdperson_lefthand": {
			"rotation": [75, -45, 0],
			"translation": [0, 2.5, 0],
			"scale": [0.375, 0.375, 0.375]
		},
		"firstperson_righthand": {
			"rotation": [0, -90, 0],
			"translation": [11, -3, -8.25]
		},
		"firstperson_lefthand": {
			"rotation": [0, 90, 0],
			"translation": [11, -3, -8.25]
		},
		"ground": {
			"rotation": [0, 90, 0],
			"translation": [0, 3, 0],
			"scale": [0.25, 0.25, 0.25]
		},
		"gui": {
			"rotation": [30, 38, 0],
			"translation": [0, 2.25, 0],
			"scale": [0.75, 0.75, 0.75]
		},
		"head": {
			"rotation": [0, 90, 0],
			"translation": [0, 14.5, 0]
		},
		"fixed": {
			"rotation": [-25, 90, 0],
			"translation": [0, 3, -4.25]
		},
		"on_shelf": {
			"rotation": [0, 90, 0],
			"translation": [0, 0, 1]
		}
	}
}