{
	"format_version": "1.21.6",
	"credit": "Created by Mickey Joe Alpha - http://YouTube.com/@MushirMickeyJoe",
	"parent": "block/peony/peony_top",
	"textures": {
		"particle": "block/peony/peony_flower_0"
	},
	"elements": [
		{
			"from": [5.5, 7.55, 1.2],
			"to": [9.5, 9.55, 5.2],
			"shade": false,
			"rotation": {"angle": -45, "axis": "x", "origin": [7.5, 7.05, 3.2]},
			"faces": {
				"north": {"uv": [6, 1, 10, 3], "texture": "#particle"},
				"east": {"uv": [6, 1, 10, 3], "texture": "#particle"},
				"south": {"uv": [6, 1, 10, 3], "texture": "#particle"},
				"west": {"uv": [6, 1, 10, 3], "texture": "#particle"},
				"up": {"uv": [16, 4, 12, 0], "rotation": 180, "texture": "#particle"}
			}
		},
		{
			"from": [9.5, 9.55, 5.2],
			"to": [5.5, 7.55, 1.2],
			"shade": false,
			"rotation": {"angle": -45, "axis": "x", "origin": [7.5, 7.05, 3.2]},
			"faces": {
				"north": {"uv": [6, 3, 10, 1], "texture": "#particle"},
				"east": {"uv": [6, 3, 10, 1], "texture": "#particle"},
				"south": {"uv": [6, 3, 10, 1], "texture": "#particle"},
				"west": {"uv": [6, 3, 10, 1], "texture": "#particle"},
				"up": {"uv": [14, 16, 10, 12], "texture": "#particle"},
				"down": {"uv": [16, 0, 12, 4], "texture": "#particle"}
			}
		},
		{
			"from": [5, 7.05, 0.7],
			"to": [10, 10.05, 5.7],
			"shade": false,
			"rotation": {"angle": -45, "axis": "x", "origin": [7.5, 7.05, 3.2]},
			"faces": {
				"north": {"uv": [0, 13, 5, 16], "texture": "#particle"},
				"east": {"uv": [0, 13, 5, 16], "texture": "#particle"},
				"south": {"uv": [0, 13, 5, 16], "texture": "#particle"},
				"west": {"uv": [0, 13, 5, 16], "texture": "#particle"},
				"up": {"uv": [16, 9, 11, 4], "rotation": 180, "texture": "#particle"}
			}
		},
		{
			"from": [3, 4.55, 3.2],
			"to": [12, 9.55, 3.2],
			"shade": false,
			"rotation": {"angle": 45, "axis": "x", "origin": [7.5, 7.05, 3.2]},
			"faces": {
				"north": {"uv": [5, 12, 0, 3], "rotation": 270, "texture": "#particle"},
				"south": {"uv": [10, 3, 5, 12], "rotation": 270, "texture": "#particle"}
			}
		},
		{
			"from": [10, 10.05, 5.7],
			"to": [5, 7.05, 0.7],
			"shade": false,
			"rotation": {"angle": -45, "axis": "x", "origin": [7.5, 7.05, 3.2]},
			"faces": {
				"north": {"uv": [5, 13, 0, 16], "rotation": 180, "texture": "#particle"},
				"east": {"uv": [5, 13, 0, 16], "rotation": 180, "texture": "#particle"},
				"south": {"uv": [5, 13, 0, 16], "rotation": 180, "texture": "#particle"},
				"west": {"uv": [5, 13, 0, 16], "rotation": 180, "texture": "#particle"},
				"down": {"uv": [16, 4, 11, 9], "texture": "#particle"}
			}
		},
		{
			"from": [4.5, 6.55, 0.2],
			"to": [10.5, 9.55, 6.2],
			"shade": false,
			"rotation": {"angle": -45, "axis": "x", "origin": [7.5, 7.05, 3.2]},
			"faces": {
				"north": {"uv": [16, 9, 10, 12], "texture": "#particle"},
				"east": {"uv": [10, 9, 16, 12], "texture": "#particle"},
				"south": {"uv": [16, 9, 10, 12], "texture": "#particle"},
				"west": {"uv": [10, 9, 16, 12], "texture": "#particle"}
			}
		}
	]
}