{
	"credit": "Created by Mickey Joe Alpha - http://YouTube.com/@MushirMickeyJoe",
	"ambientocclusion": false,
	"textures": {
		"1": "block/large_fern_bottom",
		"particle": "block/large_fern_top"
	},
	"elements": [
		{
			"from": [2, 0, 10.5],
			"to": [10, 16, 10.5],
			"shade": false,
			"rotation": {"angle": -22.5, "axis": "x", "origin": [7, 0, 10.5]},
			"faces": {
				"north": {"uv": [8, 0, 16, 16], "texture": "#1", "tintindex": 0},
				"south": {"uv": [16, 0, 8, 16], "texture": "#1", "tintindex": 0}
			}
		},
		{
			"from": [1, 16, 10.5],
			"to": [12, 32, 10.5],
			"shade": false,
			"rotation": {"angle": -22.5, "axis": "x", "origin": [7, 0, 10.5]},
			"faces": {
				"north": {"uv": [2, 0, 13, 16], "texture": "#particle", "tintindex": 0},
				"south": {"uv": [13, 0, 2, 16], "texture": "#particle", "tintindex": 0}
			}
		},
		{
			"from": [7, 16, 6.5],
			"to": [7, 32, 10.5],
			"shade": false,
			"rotation": {"angle": -22.5, "axis": "x", "origin": [7, 0, 10.5]},
			"faces": {
				"east": {"uv": [4, 0, 0, 16], "texture": "#1", "tintindex": 0},
				"west": {"uv": [0, 0, 4, 16], "texture": "#1", "tintindex": 0}
			}
		},
		{
			"from": [10.5, 0, 6],
			"to": [10.5, 16, 14],
			"shade": false,
			"rotation": {"angle": 22.5, "axis": "z", "origin": [10.5, 0, 9]},
			"faces": {
				"east": {"uv": [16, 0, 8, 16], "texture": "#1", "tintindex": 0},
				"west": {"uv": [8, 0, 16, 16], "texture": "#1", "tintindex": 0}
			}
		},
		{
			"from": [10.5, 16, 4],
			"to": [10.5, 32, 15],
			"shade": false,
			"rotation": {"angle": 22.5, "axis": "z", "origin": [10.5, 0, 9]},
			"faces": {
				"east": {"uv": [2, 0, 13, 16], "texture": "#particle", "tintindex": 0},
				"west": {"uv": [2, 0, 13, 16], "texture": "#particle", "tintindex": 0}
			}
		},
		{
			"from": [6.5, 16, 9],
			"to": [10.5, 32, 9],
			"shade": false,
			"rotation": {"angle": 22.5, "axis": "z", "origin": [10.5, 0, 9]},
			"faces": {
				"north": {"uv": [4, 0, 0, 16], "texture": "#1", "tintindex": 0},
				"south": {"uv": [0, 0, 4, 16], "texture": "#1", "tintindex": 0}
			}
		},
		{
			"from": [6, 0, 5.5],
			"to": [14, 16, 5.5],
			"shade": false,
			"rotation": {"angle": 22.5, "axis": "x", "origin": [9, 0, 5.5]},
			"faces": {
				"north": {"uv": [16, 0, 8, 16], "texture": "#1", "tintindex": 0},
				"south": {"uv": [8, 0, 16, 16], "texture": "#1", "tintindex": 0}
			}
		},
		{
			"from": [9, 16, 5.5],
			"to": [9, 32, 9.5],
			"shade": false,
			"rotation": {"angle": 22.5, "axis": "x", "origin": [9, 0, 5.5]},
			"faces": {
				"east": {"uv": [0, 0, 4, 16], "texture": "#1", "tintindex": 0},
				"west": {"uv": [4, 0, 0, 16], "texture": "#1", "tintindex": 0}
			}
		},
		{
			"from": [4, 16, 5.5],
			"to": [15, 32, 5.5],
			"shade": false,
			"rotation": {"angle": 22.5, "axis": "x", "origin": [9, 0, 5.5]},
			"faces": {
				"north": {"uv": [13, 0, 2, 16], "texture": "#particle", "tintindex": 0},
				"south": {"uv": [2, 0, 13, 16], "texture": "#particle", "tintindex": 0}
			}
		},
		{
			"from": [5.5, 0, 2],
			"to": [5.5, 16, 10],
			"shade": false,
			"rotation": {"angle": -22.5, "axis": "z", "origin": [5.5, 0, 8]},
			"faces": {
				"east": {"uv": [8, 0, 16, 16], "texture": "#1", "tintindex": 0},
				"west": {"uv": [16, 0, 8, 16], "texture": "#1", "tintindex": 0}
			}
		},
		{
			"from": [5.5, 16, 1],
			"to": [5.5, 32, 12],
			"shade": false,
			"rotation": {"angle": -22.5, "axis": "z", "origin": [5.5, 0, 8]},
			"faces": {
				"east": {"uv": [2, 0, 13, 16], "texture": "#particle", "tintindex": 0},
				"west": {"uv": [2, 0, 13, 16], "texture": "#particle", "tintindex": 0}
			}
		},
		{
			"from": [5.5, 16, 7],
			"to": [9.5, 32, 7],
			"shade": false,
			"rotation": {"angle": -22.5, "axis": "z", "origin": [5.5, 0, 7]},
			"faces": {
				"north": {"uv": [0, 0, 4, 16], "texture": "#1", "tintindex": 0},
				"south": {"uv": [4, 0, 0, 16], "texture": "#1", "tintindex": 0}
			}
		},
		{
			"from": [3, 0, 8],
			"to": [13, 4, 8],
			"shade": false,
			"rotation": {"angle": 0, "axis": "y", "origin": [8, 2, 8]},
			"faces": {
				"north": {"uv": [4, 0, 8, 10], "rotation": 90, "texture": "#1", "tintindex": 0},
				"south": {"uv": [4, 0, 8, 10], "rotation": 90, "texture": "#1", "tintindex": 0}
			}
		},
		{
			"from": [8, 0, 3],
			"to": [8, 4, 13],
			"shade": false,
			"rotation": {"angle": 0, "axis": "y", "origin": [8, 2, 8]},
			"faces": {
				"east": {"uv": [4, 0, 8, 10], "rotation": 90, "texture": "#1", "tintindex": 0},
				"west": {"uv": [4, 0, 8, 10], "rotation": 90, "texture": "#1", "tintindex": 0}
			}
		}
	],
	"gui_light": "front",
	"display": {
		"thirdperson_righthand": {
			"rotation": [0, 45, 0],
			"translation": [-0.25, 2, 1.75],
			"scale": [0.375, 0.375, 0.375]
		},
		"thirdperson_lefthand": {
			"rotation": [0, 45, 0],
			"translation": [-0.25, 2, 1.75],
			"scale": [0.375, 0.375, 0.375]
		},
		"firstperson_righthand": {
			"rotation": [0, 60, 0],
			"translation": [2.25, 2.75, 0],
			"scale": [0.4, 0.4, 0.4]
		},
		"firstperson_lefthand": {
			"rotation": [0, 60, 0],
			"translation": [2.25, 2.75, 0],
			"scale": [0.4, 0.4, 0.4]
		},
		"ground": {
			"translation": [0, 3.75, 0],
			"scale": [0.5, 0.5, 0.5]
		},
		"gui": {
			"rotation": [30, 225, 0],
			"translation": [0, -4, 0],
			"scale": [0.55, 0.55, 0.55]
		},
		"head": {
			"translation": [0, 12.5, 0]
		},
		"fixed": {
			"rotation": [-47, 0, 0],
			"translation": [0, 0, -2.25]
		}
	}
}