{
	"credit": "Created by Mickey Joe Alpha - http://YouTube.com/@MushirMickeyJoe",
	"ambientocclusion": false,
	"textures": {
		"particle": "block/fern"
	},
	"elements": [
		{
			"from": [7.7, 4, 4],
			"to": [7.7, 17, 11],
			"shade": false,
			"rotation": {"angle": 22.5, "axis": "z", "origin": [7.7, 4, 7]},
			"faces": {
				"east": {"uv": [11, 16, 4, 3], "rotation": 180, "texture": "#particle", "tintindex": 0},
				"west": {"uv": [4, 16, 11, 3], "rotation": 180, "texture": "#particle", "tintindex": 0}
			}
		},
		{
			"from": [3.7, 8, 7],
			"to": [7.7, 20, 7],
			"shade": false,
			"rotation": {"angle": 22.5, "axis": "z", "origin": [7.7, 4, 7]},
			"faces": {
				"north": {"uv": [11, 0, 15, 12], "texture": "#particle", "tintindex": 0},
				"south": {"uv": [15, 0, 11, 12], "texture": "#particle", "tintindex": 0}
			}
		},
		{
			"from": [8.3, 4, 5],
			"to": [8.3, 17, 12],
			"shade": false,
			"rotation": {"angle": -22.5, "axis": "z", "origin": [8.3, 4, 8]},
			"faces": {
				"east": {"uv": [4, 16, 11, 3], "rotation": 180, "texture": "#particle", "tintindex": 0},
				"west": {"uv": [11, 16, 4, 3], "rotation": 180, "texture": "#particle", "tintindex": 0}
			}
		},
		{
			"from": [8.3, 8, 9],
			"to": [12.3, 20, 9],
			"shade": false,
			"rotation": {"angle": -22.5, "axis": "z", "origin": [8.3, 4, 9]},
			"faces": {
				"north": {"uv": [15, 0, 11, 12], "texture": "#particle", "tintindex": 0},
				"south": {"uv": [11, 0, 15, 12], "texture": "#particle", "tintindex": 0}
			}
		},
		{
			"from": [8, 8, 3.7],
			"to": [8, 20, 7.7],
			"shade": false,
			"rotation": {"angle": -22.5, "axis": "x", "origin": [8, 4, 7.7]},
			"faces": {
				"east": {"uv": [11, 0, 15, 12], "texture": "#particle", "tintindex": 0},
				"west": {"uv": [15, 0, 11, 12], "texture": "#particle", "tintindex": 0}
			}
		},
		{
			"from": [5, 4, 7.7],
			"to": [12, 17, 7.7],
			"shade": false,
			"rotation": {"angle": -22.5, "axis": "x", "origin": [8, 4, 7.7]},
			"faces": {
				"north": {"uv": [4, 16, 11, 3], "rotation": 180, "texture": "#particle", "tintindex": 0},
				"south": {"uv": [11, 16, 4, 3], "rotation": 180, "texture": "#particle", "tintindex": 0}
			}
		},
		{
			"from": [4, 4, 8.3],
			"to": [11, 17, 8.3],
			"shade": false,
			"rotation": {"angle": 22.5, "axis": "x", "origin": [7, 4, 8.3]},
			"faces": {
				"north": {"uv": [11, 16, 4, 3], "rotation": 180, "texture": "#particle", "tintindex": 0},
				"south": {"uv": [4, 16, 11, 3], "rotation": 180, "texture": "#particle", "tintindex": 0}
			}
		},
		{
			"from": [7, 8, 8.3],
			"to": [7, 20, 12.3],
			"shade": false,
			"rotation": {"angle": 22.5, "axis": "x", "origin": [7, 4, 8.3]},
			"faces": {
				"east": {"uv": [15, 0, 11, 12], "texture": "#particle", "tintindex": 0},
				"west": {"uv": [11, 0, 15, 12], "texture": "#particle", "tintindex": 0}
			}
		}
	],
	"gui_light": "front",
	"display": {
		"thirdperson_righthand": {
			"rotation": [0, 45, 0],
			"translation": [-0.25, 3, 1.75],
			"scale": [0.375, 0.375, 0.375]
		},
		"thirdperson_lefthand": {
			"rotation": [0, 45, 0],
			"translation": [-0.25, 3, 1.75],
			"scale": [0.375, 0.375, 0.375]
		},
		"firstperson_righthand": {
			"rotation": [0, 60, 0],
			"translation": [2.25, 2.75, 0],
			"scale": [0.4, 0.4, 0.4]
		},
		"firstperson_lefthand": {
			"rotation": [0, 60, 0],
			"translation": [2.25, 2.75, 0],
			"scale": [0.4, 0.4, 0.4]
		},
		"ground": {
			"translation": [0, 3.75, 0],
			"scale": [0.5, 0.5, 0.5]
		},
		"gui": {
			"rotation": [30, 225, 0],
			"translation": [0, 0.5, 0],
			"scale": [0.85, 0.85, 0.85]
		},
		"head": {
			"translation": [0, 14.25, 0]
		},
		"fixed": {
			"rotation": [-90, 0, 0],
			"translation": [0, 0, -7]
		}
	}
}