{
	"credit": "Created by Mickey Joe Alpha - http://YouTube.com/@MushirMickeyJoe",
	"parent": "block/cross",
	"textures": {
		"cross": "block/torchflower"
	},
	"gui_light": "front",
	"display": {
		"thirdperson_righthand": {
			"translation": [-0.5, 6, 1.5]
		},
		"thirdperson_lefthand": {
			"translation": [-0.5, 6, 1.5]
		},
		"firstperson_righthand": {
			"rotation": [17, -78, 21],
			"translation": [1.88, 4.95, 1.13],
			"scale": [0.68, 0.68, 0.68]
		},
		"firstperson_lefthand": {
			"rotation": [17, -78, 21],
			"translation": [1.88, 4.95, 1.13],
			"scale": [0.68, 0.68, 0.68]
		},
		"gui": {
			"rotation": [60, -35, 51],
			"translation": [-1.75, 0.75, 0],
			"scale": [1.17, 1.17, 1.17]
		},
		"fixed": {
			"rotation": [-41, -90, 0],
			"translation": [0, 4, -8.25],
			"scale": [2, 2, 2]
		}
	}
}