{
	"credit": "Created by Mickey Joe Alpha - http://YouTube.com/@MushirMickeyJoe",
	"ambientocclusion": false,
	"textures": {
		"particle": "block/wither_rose"
	},
	"elements": [
		{
			"from": [8, 0, 5],
			"to": [8, 7, 12],
			"shade": false,
			"rotation": {"angle": -45, "axis": "y", "origin": [8.025, 5.5, 8]},
			"faces": {
				"east": {"uv": [9, 9, 16, 16], "texture": "#particle"},
				"west": {"uv": [9, 9, 16, 16], "texture": "#particle"}
			}
		},
		{
			"from": [4.05, 0, 8],
			"to": [11.05, 7, 8],
			"shade": false,
			"rotation": {"angle": -45, "axis": "y", "origin": [8.025, 5.5, 8]},
			"faces": {
				"north": {"uv": [9, 9, 16, 16], "texture": "#particle"},
				"south": {"uv": [9, 9, 16, 16], "texture": "#particle"}
			}
		},
		{
			"from": [9.25, 7, 6.1],
			"to": [9.25, 11, 10.1],
			"shade": false,
			"rotation": {"angle": 22.5, "axis": "y", "origin": [9.25, 9.5, 8.1]},
			"faces": {
				"east": {"uv": [0, 0, 4, 4], "texture": "#particle"},
				"west": {"uv": [4, 0, 0, 4], "texture": "#particle"}
			}
		},
		{
			"from": [6.25, 7, 5.9],
			"to": [6.25, 11, 9.9],
			"shade": false,
			"rotation": {"angle": 22.5, "axis": "y", "origin": [6.25, 9.5, 7.9]},
			"faces": {
				"east": {"uv": [4, 0, 0, 4], "texture": "#particle"},
				"west": {"uv": [0, 0, 4, 4], "texture": "#particle"}
			}
		},
		{
			"from": [5.85, 7, 6.5],
			"to": [9.85, 11, 6.5],
			"shade": false,
			"rotation": {"angle": 22.5, "axis": "y", "origin": [7.85, 9.5, 6.5]},
			"faces": {
				"north": {"uv": [0, 0, 4, 4], "texture": "#particle"},
				"south": {"uv": [4, 0, 0, 4], "texture": "#particle"}
			}
		},
		{
			"from": [7.25, 7.5, 7.5],
			"to": [8.25, 11.5, 8.5],
			"shade": false,
			"rotation": {"angle": 0, "axis": "y", "origin": [9.25, 9, 6.5]},
			"faces": {
				"north": {"uv": [0, 4, 1, 9], "texture": "#particle"},
				"east": {"uv": [0, 4, 1, 9], "texture": "#particle"},
				"south": {"uv": [0, 4, 1, 9], "texture": "#particle"},
				"west": {"uv": [0, 4, 1, 9], "texture": "#particle"}
			}
		},
		{
			"from": [8.25, 11.5, 8.5],
			"to": [7.25, 7.5, 7.5],
			"shade": false,
			"rotation": {"angle": 0, "axis": "y", "origin": [12.25, 13, 9.5]},
			"faces": {
				"north": {"uv": [0, 9, 1, 4], "texture": "#particle"},
				"east": {"uv": [0, 9, 1, 4], "texture": "#particle"},
				"south": {"uv": [0, 9, 1, 4], "texture": "#particle"},
				"west": {"uv": [0, 9, 1, 4], "texture": "#particle"}
			}
		},
		{
			"from": [5.65, 7, 9.5],
			"to": [9.65, 11, 9.5],
			"shade": false,
			"rotation": {"angle": 22.5, "axis": "y", "origin": [7.65, 9.5, 9.5]},
			"faces": {
				"north": {"uv": [4, 0, 0, 4], "texture": "#particle"},
				"south": {"uv": [0, 0, 4, 4], "texture": "#particle"}
			}
		},
		{
			"from": [5.25, 7, 9.45],
			"to": [10.25, 10, 9.45],
			"shade": false,
			"rotation": {"angle": 45, "axis": "x", "origin": [7.25, 7, 9.45]},
			"faces": {
				"north": {"uv": [4, 0, 9, 3], "texture": "#particle"},
				"south": {"uv": [9, 0, 4, 3], "texture": "#particle"}
			}
		},
		{
			"from": [5.25, 7, 6.45],
			"to": [10.25, 10, 6.45],
			"shade": false,
			"rotation": {"angle": -45, "axis": "x", "origin": [7.25, 7, 6.45]},
			"faces": {
				"north": {"uv": [9, 0, 4, 3], "texture": "#particle"},
				"south": {"uv": [4, 0, 9, 3], "texture": "#particle"}
			}
		},
		{
			"from": [6.25, 7, 6.45],
			"to": [9.25, 7, 9.45],
			"shade": false,
			"rotation": {"angle": 0, "axis": "x", "origin": [7.25, 7, 9.45]},
			"faces": {
				"up": {"uv": [7, 7, 4, 4], "texture": "#particle"},
				"down": {"uv": [4, 4, 1, 7], "texture": "#particle"}
			}
		},
		{
			"from": [9.25, 7, 5.45],
			"to": [9.25, 10, 10.45],
			"shade": false,
			"rotation": {"angle": -45, "axis": "z", "origin": [9.25, 7, 7.45]},
			"faces": {
				"east": {"uv": [9, 0, 4, 3], "texture": "#particle"},
				"west": {"uv": [4, 0, 9, 3], "texture": "#particle"}
			}
		},
		{
			"from": [6.25, 7, 5.45],
			"to": [6.25, 10, 10.45],
			"shade": false,
			"rotation": {"angle": 45, "axis": "z", "origin": [6.25, 7, 7.45]},
			"faces": {
				"east": {"uv": [4, 0, 9, 3], "texture": "#particle"},
				"west": {"uv": [9, 0, 4, 3], "texture": "#particle"}
			}
		}
	],
	"gui_light": "front",
	"display": {
		"thirdperson_righthand": {
			"rotation": [0, -45, 0],
			"translation": [0, 6.75, 1.25]
		},
		"thirdperson_lefthand": {
			"rotation": [0, -45, 0],
			"translation": [-1, 6.75, 1.25]
		},
		"firstperson_righthand": {
			"rotation": [17, -54, 21],
			"translation": [1.88, 4.95, 1.13],
			"scale": [0.68, 0.68, 0.68]
		},
		"firstperson_lefthand": {
			"rotation": [17, -54, 21],
			"translation": [1.88, 4.95, 1.13],
			"scale": [0.68, 0.68, 0.68]
		},
		"ground": {
			"translation": [0, 3, 0],
			"scale": [0.5, 0.5, 0.5]
		},
		"gui": {
			"rotation": [29, 8, 36],
			"translation": [-1.25, 1.75, 0],
			"scale": [1.4, 1.4, 1.4]
		},
		"head": {
			"rotation": [-45, 0, -90],
			"translation": [5, -4.5, -7.75]
		},
		"fixed": {
			"rotation": [-37, 0, 0],
			"translation": [0.5, 3.5, -8.75],
			"scale": [2, 2, 2]
		}
	}
}