{
	"format_version": "1.21.6",
	"credit": "Created by Mickey Joe Alpha - http://YouTube.com/@MushirMickeyJoe",
	"textures": {
		"particle": "block/peony/peony"
	},
	"elements": [
		{
			"from": [-4.05, 0, 5.05],
			"to": [19.95, 16, 5.05],
			"shade": false,
			"rotation": {"angle": -5, "axis": "x", "origin": [7.95, 0, 5.05]},
			"faces": {
				"north": {"uv": [0, 8, 12, 16], "texture": "#particle"},
				"south": {"uv": [12, 8, 0, 16], "texture": "#particle"}
			}
		},
		{
			"from": [-4.05, 0, 11.05],
			"to": [19.95, 16, 11.05],
			"shade": false,
			"rotation": {"angle": 5, "axis": "x", "origin": [6.95, 0, 11.05]},
			"faces": {
				"north": {"uv": [12, 8, 0, 16], "texture": "#particle"},
				"south": {"uv": [0, 8, 12, 16], "texture": "#particle"}
			}
		},
		{
			"from": [10.95, 0, -3.95],
			"to": [10.95, 16, 20.05],
			"shade": false,
			"rotation": {"angle": -5, "axis": "z", "origin": [10.95, 0, 8.55]},
			"faces": {
				"east": {"uv": [0, 8, 12, 16], "texture": "#particle"},
				"west": {"uv": [12, 8, 0, 16], "texture": "#particle"}
			}
		},
		{
			"from": [4.95, 0, -3.95],
			"to": [4.95, 16, 20.05],
			"shade": false,
			"rotation": {"angle": 5, "axis": "z", "origin": [4.95, 0, 8.05]},
			"faces": {
				"east": {"uv": [12, 8, 0, 16], "texture": "#particle"},
				"west": {"uv": [0, 8, 12, 16], "texture": "#particle"}
			}
		}
	]
}