{
	"format_version": "1.21.6",
	"credit": "Created by Mickey Joe Alpha - http://YouTube.com/@MushirMickeyJoe",
	"parent": "block/dandelion/dandelion_0",
	"ambientocclusion": false,
	"textures": {
		"particle": "block/dandelion/dandelion_0"
	},
	"elements": [
		{
			"from": [9.1, 1.28, 7],
			"to": [15.1, 1.28, 9],
			"shade": false,
			"rotation": {"angle": 22.5, "axis": "z", "origin": [8.1, 1.3, 8]},
			"faces": {
				"up": {"uv": [16, 0, 14, 6], "rotation": 90, "texture": "#particle"},
				"down": {"uv": [14, 0, 16, 6], "rotation": 90, "texture": "#particle"}
			}
		},
		{
			"from": [0.96, 1.3, 7],
			"to": [6.96, 1.3, 9],
			"shade": false,
			"rotation": {"angle": -22.5, "axis": "z", "origin": [7.95, 1.3, 8]},
			"faces": {
				"up": {"uv": [14, 6, 16, 0], "rotation": 90, "texture": "#particle"},
				"down": {"uv": [16, 6, 14, 0], "rotation": 90, "texture": "#particle"}
			}
		}
	]
}