{
	"format_version": "1.21.6",
	"credit": "Created by Mickey Joe Alpha - http://YouTube.com/@MushirMickeyJoe",
	"parent": "block/block",
	"textures": {
		"particle": "block/peony/peony"
	},
	"elements": [
		{
			"from": [-4.05, 0, 4.95],
			"to": [19.95, 9, 4.95],
			"shade": false,
			"rotation": {"angle": -5, "axis": "x", "origin": [7.95, -16, 4.95]},
			"faces": {
				"north": {"uv": [0, 3.5, 12, 8], "texture": "#particle"},
				"south": {"uv": [12, 3.5, 0, 8], "texture": "#particle"}
			}
		},
		{
			"from": [-4.05, 0, 10.95],
			"to": [19.95, 9, 10.95],
			"shade": false,
			"rotation": {"angle": 5, "axis": "x", "origin": [6.95, -16, 10.95]},
			"faces": {
				"north": {"uv": [12, 3.5, 0, 8], "texture": "#particle"},
				"south": {"uv": [0, 3.5, 12, 8], "texture": "#particle"}
			}
		},
		{
			"from": [10.95, 0, -4.05],
			"to": [10.95, 7, 19.95],
			"shade": false,
			"rotation": {"angle": -5, "axis": "z", "origin": [10.95, -16, 8.45]},
			"faces": {
				"east": {"uv": [0, 4.5, 12, 8], "texture": "#particle"},
				"west": {"uv": [12, 4.5, 0, 8], "texture": "#particle"}
			}
		},
		{
			"from": [4.95, 0, -4.05],
			"to": [4.95, 7, 19.95],
			"shade": false,
			"rotation": {"angle": 5, "axis": "z", "origin": [4.95, -16, 7.95]},
			"faces": {
				"east": {"uv": [12, 4.5, 0, 8], "texture": "#particle"},
				"west": {"uv": [0, 4.5, 12, 8], "texture": "#particle"}
			}
		}
	],
	"gui_light": "front",
	"display": {
		"firstperson_righthand": {
			"translation": [11, -3, -8.25]
		},
		"firstperson_lefthand": {
			"translation": [11, -3, -8.25]
		},
		"gui": {
			"rotation": [30, -38, 0],
			"translation": [0, 2.25, 0],
			"scale": [0.75, 0.75, 0.75]
		},
		"head": {
			"translation": [0, 14.5, 0]
		},
		"fixed": {
			"rotation": [-25, 0, 0],
			"translation": [0, 3, -4.25]
		},
		"on_shelf": {
			"translation": [0, 0, 1]
		}
	}
}