{
	"format_version": "1.21.6",
	"credit": "Created by Mickey Joe Alpha - http://YouTube.com/@MushirMickeyJoe",
	"ambientocclusion": false,
	"textures": {
		"particle": "block/dandelion/dandelion_1"
	},
	"elements": [
		{
			"from": [8, 0, 4],
			"to": [8, 11, 12],
			"shade": false,
			"rotation": {"angle": 0, "axis": "y", "origin": [8.025, 5.5, 8]},
			"faces": {
				"east": {"uv": [8, 5, 16, 16], "texture": "#particle"},
				"west": {"uv": [16, 5, 8, 16], "texture": "#particle"}
			}
		},
		{
			"from": [4.05, 0, 8],
			"to": [12.05, 11, 8],
			"shade": false,
			"rotation": {"angle": 0, "axis": "y", "origin": [8.025, 5.5, 8]},
			"faces": {
				"north": {"uv": [8, 5, 16, 16], "texture": "#particle"},
				"south": {"uv": [8, 5, 16, 16], "texture": "#particle"}
			}
		},
		{
			"from": [6, 7.5, 8.5],
			"to": [10, 9.5, 12.5],
			"shade": false,
			"rotation": {"angle": 45, "axis": "x", "origin": [8, 7.5, 10.5]},
			"faces": {
				"north": {"uv": [8, 0, 12, 2], "texture": "#particle"},
				"east": {"uv": [8, 0, 12, 2], "texture": "#particle"},
				"south": {"uv": [8, 0, 12, 2], "texture": "#particle"},
				"west": {"uv": [8, 0, 12, 2], "texture": "#particle"},
				"down": {"uv": [12, 0, 16, 4], "texture": "#particle"}
			}
		},
		{
			"from": [5, 9.5, 7.5],
			"to": [11, 9.5, 13.5],
			"shade": false,
			"rotation": {"angle": 45, "axis": "x", "origin": [8, 7.5, 10.5]},
			"faces": {
				"up": {"uv": [0, 0, 6, 6], "texture": "#particle"},
				"down": {"uv": [6, 0, 0, 6], "texture": "#particle"}
			}
		},
		{
			"from": [6, 9.5, 3.5],
			"to": [10, 11.5, 7.5],
			"shade": false,
			"rotation": {"angle": -45, "axis": "x", "origin": [8, 9.5, 5.5]},
			"faces": {
				"north": {"uv": [8, 0, 12, 2], "texture": "#particle"},
				"east": {"uv": [8, 0, 12, 2], "texture": "#particle"},
				"south": {"uv": [8, 0, 12, 2], "texture": "#particle"},
				"west": {"uv": [8, 0, 12, 2], "texture": "#particle"},
				"down": {"uv": [12, 4, 16, 0], "texture": "#particle"}
			}
		},
		{
			"from": [5, 11.5, 2.5],
			"to": [11, 11.5, 8.5],
			"shade": false,
			"rotation": {"angle": -45, "axis": "x", "origin": [8, 9.5, 5.5]},
			"faces": {
				"up": {"uv": [0, 6, 6, 0], "texture": "#particle"},
				"down": {"uv": [6, 6, 0, 0], "texture": "#particle"}
			}
		},
		{
			"from": [6, 8, 3],
			"to": [10, 12, 7],
			"rotation": {"angle": -22.5, "axis": "x", "origin": [8, 10, 5]},
			"faces": {
				"north": {"uv": [0, 12, 4, 16], "texture": "#particle"},
				"east": {"uv": [4, 12, 0, 16], "texture": "#particle"},
				"south": {"uv": [0, 12, 4, 16], "texture": "#particle"},
				"west": {"uv": [4, 12, 0, 16], "texture": "#particle"},
				"up": {"uv": [0, 12, 4, 8], "texture": "#particle"},
				"down": {"uv": [0, 16, 4, 12], "texture": "#particle"}
			}
		},
		{
			"from": [6, 6, 9],
			"to": [10, 10, 13],
			"rotation": {"angle": 22.5, "axis": "x", "origin": [8, 8, 11]},
			"faces": {
				"north": {"uv": [4, 12, 0, 16], "texture": "#particle"},
				"east": {"uv": [0, 12, 4, 16], "texture": "#particle"},
				"south": {"uv": [4, 12, 0, 16], "texture": "#particle"},
				"west": {"uv": [0, 12, 4, 16], "texture": "#particle"},
				"up": {"uv": [0, 8, 4, 12], "texture": "#particle"},
				"down": {"uv": [0, 12, 4, 16], "texture": "#particle"}
			}
		}
	],
	"gui_light": "front",
	"display": {
		"thirdperson_righthand": {
			"translation": [0, 7.25, 1.75]
		},
		"thirdperson_lefthand": {
			"translation": [0, 7.25, 1.75]
		},
		"firstperson_righthand": {
			"rotation": [-1, 124, -1],
			"translation": [2.63, 4.95, 0.63],
			"scale": [0.68, 0.68, 0.68]
		},
		"firstperson_lefthand": {
			"rotation": [-1, 124, -1],
			"translation": [2.63, 4.95, 0.63],
			"scale": [0.68, 0.68, 0.68]
		},
		"ground": {
			"translation": [0, 3, 0],
			"scale": [0.5, 0.5, 0.5]
		},
		"gui": {
			"rotation": [159, -38, 127],
			"translation": [-2.25, 3.25, 0],
			"scale": [1.6, 1.6, 1.6]
		},
		"head": {
			"rotation": [-45, 0, -90],
			"translation": [5.25, -4.25, -7.5]
		},
		"fixed": {
			"rotation": [-24, 0, 0],
			"translation": [0, 5, -5.5],
			"scale": [2, 2, 2]
		}
	}
}