{
	"format_version": "1.21.6",
	"credit": "Created by Mickey Joe Alpha - http://YouTube.com/@MushirMickeyJoe",
	"ambientocclusion": false,
	"textures": {
		"particle": "block/dandelion/dandelion_0"
	},
	"elements": [
		{
			"from": [3, 1, 3],
			"to": [13, 1, 13],
			"shade": false,
			"rotation": {"angle": 0, "axis": "z", "origin": [10, 1, 9]},
			"faces": {
				"up": {"uv": [0, 16, 10, 6], "rotation": 90, "texture": "#particle"},
				"down": {"uv": [10, 16, 0, 6], "rotation": 90, "texture": "#particle"}
			}
		}
	]
}