{
	"format_version": "1.21.6",
	"credit": "Created by Mickey Joe Alpha - http://YouTube.com/@MushirMickeyJoe",
	"ambientocclusion": false,
	"textures": {
		"particle": "block/dandelion/dandelion_0"
	},
	"elements": [
		{
			"from": [5.025, 0, 7.975],
			"to": [11.025, 9, 7.975],
			"shade": false,
			"rotation": {"angle": 11.25, "axis": "x", "origin": [8.025, 0, 7]},
			"faces": {
				"north": {"uv": [10, 7, 16, 16], "texture": "#particle"},
				"south": {"uv": [10, 7, 16, 16], "texture": "#particle"}
			}
		},
		{
			"from": [8.025, 0, 5.025],
			"to": [8.025, 9, 11.025],
			"shade": false,
			"rotation": {"angle": 11.25, "axis": "x", "origin": [8.025, 0, 7]},
			"faces": {
				"east": {"uv": [10, 7, 16, 16], "texture": "#particle"},
				"west": {"uv": [10, 7, 16, 16], "texture": "#particle"}
			}
		},
		{
			"from": [5.75, 4.61031, 7.11672],
			"to": [10.25, 9.11031, 11.61672],
			"rotation": {"angle": 5.63, "axis": "x", "origin": [8, 6.86031, 9.36672]},
			"faces": {
				"north": {"uv": [10, 2, 14, 6], "texture": "#particle"},
				"east": {"uv": [10, 2, 14, 6], "texture": "#particle"},
				"south": {"uv": [10, 2, 14, 6], "texture": "#particle"},
				"west": {"uv": [10, 2, 14, 6], "texture": "#particle"},
				"up": {"uv": [14, 4, 10, 0], "texture": "#particle"},
				"down": {"uv": [14, 2, 10, 6], "texture": "#particle"}
			}
		},
		{
			"from": [6, 5.88064, 7.17608],
			"to": [10, 7.88064, 11.17608],
			"shade": false,
			"rotation": {"angle": 22.5, "axis": "x", "origin": [8, 5.9108, 8.19396]},
			"faces": {
				"north": {"uv": [6, 4, 10, 6], "texture": "#particle"},
				"east": {"uv": [6, 4, 10, 6], "texture": "#particle"},
				"south": {"uv": [6, 4, 10, 6], "texture": "#particle"},
				"west": {"uv": [6, 4, 10, 6], "texture": "#particle"},
				"down": {"uv": [6, 0, 10, 4], "texture": "#particle"}
			}
		},
		{
			"from": [5, 7.88064, 6.17608],
			"to": [11, 7.88064, 12.17608],
			"shade": false,
			"rotation": {"angle": 22.5, "axis": "x", "origin": [8, 5.9108, 8.19396]},
			"faces": {
				"up": {"uv": [0, 0, 6, 6], "texture": "#particle"},
				"down": {"uv": [6, 0, 0, 6], "texture": "#particle"}
			}
		}
	],
	"gui_light": "front",
	"display": {
		"thirdperson_righthand": {
			"rotation": [0, -25, 0],
			"translation": [0, 7.25, 1.75]
		},
		"thirdperson_lefthand": {
			"rotation": [0, -25, 0],
			"translation": [0, 7.25, 1.75]
		},
		"firstperson_righthand": {
			"rotation": [-1, -88, -1],
			"translation": [2.63, 4.95, 0.63],
			"scale": [0.68, 0.68, 0.68]
		},
		"firstperson_lefthand": {
			"rotation": [-1, -88, -1],
			"translation": [2.63, 4.95, 0.63],
			"scale": [0.68, 0.68, 0.68]
		},
		"ground": {
			"translation": [0, 3, 0],
			"scale": [0.5, 0.5, 0.5]
		},
		"gui": {
			"rotation": [-118, 8, 145],
			"translation": [-2.75, 0.5, 0],
			"scale": [1.6, 1.6, 1.6]
		},
		"head": {
			"rotation": [135, 11, -90],
			"translation": [5.25, -3.25, -5.5]
		},
		"fixed": {
			"rotation": [-24, 180, 0],
			"translation": [0, 6, -5.5],
			"scale": [2, 2, 2]
		},
		"on_shelf": {
			"scale": [2, 2, 2]
		}
	}
}