{
	"format_version": "1.21.6",
	"credit": "Created by Mickey Joe Alpha - http://YouTube.com/@MushirMickeyJoe",
	"parent": "block/peony/peony_top",
	"textures": {
		"particle": "block/peony/peony_flower_0"
	},
	"elements": [
		{
			"from": [-2, -0.5, 2.25],
			"to": [0, 3.5, 6.25],
			"shade": false,
			"rotation": {"angle": -22.5, "axis": "z", "origin": [0.5, 1.5, 4.25]},
			"faces": {
				"north": {"uv": [6, 1, 10, 3], "rotation": 90, "texture": "#particle"},
				"south": {"uv": [6, 1, 10, 3], "rotation": 270, "texture": "#particle"},
				"west": {"uv": [16, 4, 12, 0], "rotation": 90, "texture": "#particle"},
				"up": {"uv": [6, 1, 10, 3], "rotation": 270, "texture": "#particle"},
				"down": {"uv": [6, 1, 10, 3], "rotation": 270, "texture": "#particle"}
			}
		},
		{
			"from": [0, 3.5, 6.25],
			"to": [-2, -0.5, 2.25],
			"shade": false,
			"rotation": {"angle": -22.5, "axis": "z", "origin": [0.5, 1.5, 4.25]},
			"faces": {
				"north": {"uv": [6, 3, 10, 1], "rotation": 90, "texture": "#particle"},
				"east": {"uv": [16, 0, 12, 4], "rotation": 270, "texture": "#particle"},
				"south": {"uv": [6, 3, 10, 1], "rotation": 270, "texture": "#particle"},
				"west": {"uv": [14, 16, 10, 12], "rotation": 270, "texture": "#particle"},
				"up": {"uv": [6, 3, 10, 1], "rotation": 270, "texture": "#particle"},
				"down": {"uv": [6, 3, 10, 1], "rotation": 270, "texture": "#particle"}
			}
		},
		{
			"from": [-2.5, -1, 1.75],
			"to": [0.5, 4, 6.75],
			"shade": false,
			"rotation": {"angle": -22.5, "axis": "z", "origin": [0.5, 1.5, 4.25]},
			"faces": {
				"north": {"uv": [0, 13, 5, 16], "rotation": 90, "texture": "#particle"},
				"south": {"uv": [0, 13, 5, 16], "rotation": 270, "texture": "#particle"},
				"west": {"uv": [16, 9, 11, 4], "rotation": 90, "texture": "#particle"},
				"up": {"uv": [0, 13, 5, 16], "rotation": 270, "texture": "#particle"},
				"down": {"uv": [0, 13, 5, 16], "rotation": 270, "texture": "#particle"}
			}
		},
		{
			"from": [0.5, -1, -0.25],
			"to": [0.5, 4, 8.75],
			"shade": false,
			"rotation": {"angle": -22.5, "axis": "z", "origin": [0.5, 1.5, 4.25]},
			"faces": {
				"east": {"uv": [10, 3, 5, 12], "rotation": 90, "texture": "#particle"},
				"west": {"uv": [5, 3, 0, 12], "rotation": 90, "texture": "#particle"}
			}
		},
		{
			"from": [0.5, 4, 6.75],
			"to": [-2.5, -1, 1.75],
			"shade": false,
			"rotation": {"angle": -22.5, "axis": "z", "origin": [0.5, 1.5, 4.25]},
			"faces": {
				"north": {"uv": [5, 13, 0, 16], "rotation": 270, "texture": "#particle"},
				"east": {"uv": [16, 4, 11, 9], "rotation": 270, "texture": "#particle"},
				"south": {"uv": [5, 13, 0, 16], "rotation": 90, "texture": "#particle"},
				"up": {"uv": [5, 13, 0, 16], "rotation": 90, "texture": "#particle"},
				"down": {"uv": [5, 13, 0, 16], "rotation": 90, "texture": "#particle"}
			}
		},
		{
			"from": [-2, -1.5, 1.25],
			"to": [1, 4.5, 7.25],
			"shade": false,
			"rotation": {"angle": -22.5, "axis": "z", "origin": [0.5, 1.5, 4.25]},
			"faces": {
				"north": {"uv": [16, 9, 10, 12], "rotation": 90, "texture": "#particle"},
				"south": {"uv": [16, 9, 10, 12], "rotation": 270, "texture": "#particle"},
				"up": {"uv": [10, 9, 16, 12], "rotation": 270, "texture": "#particle"},
				"down": {"uv": [10, 9, 16, 12], "rotation": 270, "texture": "#particle"}
			}
		}
	],
	"display": {
		"gui": {
			"rotation": [30, 128, 0],
			"translation": [0, 2.25, 0],
			"scale": [0.75, 0.75, 0.75]
		}
	}
}