{
	"format_version": "1.21.6",
	"credit": "Created by Mickey Joe Alpha - http://YouTube.com/@MushirMickeyJoe",
	"ambientocclusion": false,
	"textures": {
		"particle": "block/sunflower/sunflower_back"
	},
	"elements": [
		{
			"from": [8.20888, -7.75, 7.05],
			"to": [16.20888, 1.25, 7.05],
			"shade": false,
			"rotation": {"angle": 45, "axis": "x", "origin": [8.20888, 1.25, 7.05]},
			"faces": {
				"north": {"uv": [8, 0, 16, 9], "texture": "#particle"},
				"south": {"uv": [8, 9, 16, 0], "rotation": 180, "texture": "#particle"}
			}
		}
	]
}