{
	"format_version": "1.21.6",
	"credit": "Created by Mickey Joe Alpha - http://YouTube.com/@MushirMickeyJoe",
	"parent": "block/rose_bush/rose_bush_top",
	"textures": {
		"particle": "block/rose_bush/rose_bush_rose_0"
	},
	"elements": [
		{
			"from": [10.5, 6.5, 0],
			"to": [13.5, 9.5, 2],
			"shade": false,
			"rotation": {"angle": -22.5, "axis": "z", "origin": [12, 8, 2]},
			"faces": {
				"east": {"uv": [13, 8, 11, 11], "texture": "#particle"},
				"south": {"uv": [13, 8, 16, 11], "texture": "#particle"},
				"west": {"uv": [11, 8, 13, 11], "texture": "#particle"},
				"up": {"uv": [13, 8, 10, 6], "texture": "#particle"},
				"down": {"uv": [16, 6, 13, 8], "texture": "#particle"}
			}
		},
		{
			"from": [11, 7, -1],
			"to": [13, 9, 2],
			"shade": false,
			"rotation": {"angle": -45, "axis": "z", "origin": [12, 8, 1]},
			"faces": {
				"east": {"uv": [13, 14, 10, 16], "texture": "#particle"},
				"west": {"uv": [10, 14, 13, 16], "texture": "#particle"},
				"up": {"uv": [13, 14, 11, 11], "texture": "#particle"},
				"down": {"uv": [15, 11, 13, 14], "texture": "#particle"}
			}
		},
		{
			"from": [13, 9, 1.9],
			"to": [11, 7, -1],
			"shade": false,
			"rotation": {"angle": -45, "axis": "z", "origin": [12, 8, 1]},
			"faces": {
				"north": {"uv": [10, 8, 8, 6], "texture": "#particle"},
				"east": {"uv": [13, 14, 10, 16], "rotation": 180, "texture": "#particle"},
				"west": {"uv": [10, 14, 13, 16], "rotation": 180, "texture": "#particle"},
				"up": {"uv": [15, 11, 13, 14], "texture": "#particle"},
				"down": {"uv": [13, 14, 11, 11], "texture": "#particle"}
			}
		},
		{
			"from": [11.5, 7.5, -1.5],
			"to": [12.5, 8.5, 1.5],
			"shade": false,
			"rotation": {"angle": 22.5, "axis": "z", "origin": [12, 8, 1.5]},
			"faces": {
				"east": {"uv": [16, 16, 15, 13], "rotation": 90, "texture": "#particle"},
				"west": {"uv": [16, 13, 15, 16], "rotation": 90, "texture": "#particle"},
				"up": {"uv": [15, 13, 16, 16], "rotation": 180, "texture": "#particle"},
				"down": {"uv": [15, 16, 16, 13], "rotation": 180, "texture": "#particle"}
			}
		},
		{
			"from": [13.5, 9.5, 2],
			"to": [10.5, 6.5, 0],
			"shade": false,
			"rotation": {"angle": -22.5, "axis": "z", "origin": [12, 8, 2]},
			"faces": {
				"north": {"uv": [8, 8, 11, 11], "rotation": 180, "texture": "#particle"},
				"east": {"uv": [13, 2, 11, 5], "rotation": 180, "texture": "#particle"},
				"west": {"uv": [11, 2, 13, 5], "rotation": 180, "texture": "#particle"},
				"up": {"uv": [13, 4, 16, 6], "texture": "#particle"},
				"down": {"uv": [13, 4, 16, 2], "texture": "#particle"}
			}
		},
		{
			"from": [10.25, 6.25, -1],
			"to": [13.75, 9.75, 1],
			"shade": false,
			"rotation": {"angle": -32.5, "axis": "z", "origin": [12, 8, 0]},
			"faces": {
				"east": {"uv": [9, 11, 11, 14], "texture": "#particle"},
				"west": {"uv": [11, 14, 9, 11], "texture": "#particle"},
				"up": {"uv": [11, 14, 9, 11], "rotation": 90, "texture": "#particle"},
				"down": {"uv": [9, 11, 11, 14], "rotation": 90, "texture": "#particle"}
			}
		},
		{
			"from": [13.75, 9.75, 1],
			"to": [10.25, 6.25, -1],
			"shade": false,
			"rotation": {"angle": -32.5, "axis": "z", "origin": [12, 8, 1]},
			"faces": {
				"east": {"uv": [11, 11, 9, 14], "texture": "#particle"},
				"west": {"uv": [9, 14, 11, 11], "texture": "#particle"},
				"up": {"uv": [9, 14, 11, 11], "rotation": 90, "texture": "#particle"},
				"down": {"uv": [11, 11, 9, 14], "rotation": 90, "texture": "#particle"}
			}
		},
		{
			"from": [11.5, 7.5, 1.5],
			"to": [12.5, 8.5, 1.5],
			"shade": false,
			"rotation": {"angle": 22.5, "axis": "z", "origin": [12, 8, 1.5]},
			"faces": {
				"north": {"uv": [10, 5, 9, 6], "rotation": 270, "texture": "#particle"}
			}
		}
	]
}