{
	"format_version": "1.21.6",
	"credit": "Created by Mickey Joe Alpha - http://YouTube.com/@MushirMickeyJoe",
	"textures": {
		"particle": "block/rose_bush/rose_bush_rose_0"
	},
	"elements": [
		{
			"from": [6.5, 5.5, 2.9],
			"to": [9.5, 8.5, 4.9],
			"shade": false,
			"rotation": {"angle": -22.5, "axis": "z", "origin": [8, 7, 4.9]},
			"faces": {
				"east": {"uv": [13, 8, 11, 11], "texture": "#particle"},
				"south": {"uv": [13, 8, 16, 11], "texture": "#particle"},
				"west": {"uv": [11, 8, 13, 11], "texture": "#particle"},
				"up": {"uv": [13, 8, 10, 6], "texture": "#particle"},
				"down": {"uv": [16, 6, 13, 8], "texture": "#particle"}
			}
		},
		{
			"from": [7, 6, 1.9],
			"to": [9, 8, 4.9],
			"shade": false,
			"rotation": {"angle": -45, "axis": "z", "origin": [8, 7, 3.9]},
			"faces": {
				"east": {"uv": [13, 14, 10, 16], "texture": "#particle"},
				"west": {"uv": [10, 14, 13, 16], "texture": "#particle"},
				"up": {"uv": [13, 14, 11, 11], "texture": "#particle"},
				"down": {"uv": [15, 11, 13, 14], "texture": "#particle"}
			}
		},
		{
			"from": [9, 8, 4.8],
			"to": [7, 6, 1.9],
			"shade": false,
			"rotation": {"angle": -45, "axis": "z", "origin": [8, 7, 3.9]},
			"faces": {
				"north": {"uv": [10, 8, 8, 6], "texture": "#particle"},
				"east": {"uv": [13, 14, 10, 16], "rotation": 180, "texture": "#particle"},
				"west": {"uv": [10, 14, 13, 16], "rotation": 180, "texture": "#particle"},
				"up": {"uv": [15, 11, 13, 14], "texture": "#particle"},
				"down": {"uv": [13, 14, 11, 11], "texture": "#particle"}
			}
		},
		{
			"from": [7.5, 6.5, 1.4],
			"to": [8.5, 7.5, 4.4],
			"shade": false,
			"rotation": {"angle": 22.5, "axis": "z", "origin": [8, 7, 4.4]},
			"faces": {
				"east": {"uv": [16, 16, 15, 13], "rotation": 90, "texture": "#particle"},
				"west": {"uv": [16, 13, 15, 16], "rotation": 90, "texture": "#particle"},
				"up": {"uv": [15, 13, 16, 16], "rotation": 180, "texture": "#particle"},
				"down": {"uv": [15, 16, 16, 13], "rotation": 180, "texture": "#particle"}
			}
		},
		{
			"from": [9.5, 8.5, 4.9],
			"to": [6.5, 5.5, 2.9],
			"shade": false,
			"rotation": {"angle": -22.5, "axis": "z", "origin": [8, 7, 4.9]},
			"faces": {
				"north": {"uv": [8, 8, 11, 11], "rotation": 180, "texture": "#particle"},
				"east": {"uv": [13, 2, 11, 5], "rotation": 180, "texture": "#particle"},
				"west": {"uv": [11, 2, 13, 5], "rotation": 180, "texture": "#particle"},
				"up": {"uv": [13, 4, 16, 6], "texture": "#particle"},
				"down": {"uv": [13, 4, 16, 2], "texture": "#particle"}
			}
		},
		{
			"from": [6.25, 5.25, 1.9],
			"to": [9.75, 8.75, 3.9],
			"shade": false,
			"rotation": {"angle": -32.5, "axis": "z", "origin": [8, 7, 2.9]},
			"faces": {
				"east": {"uv": [9, 11, 11, 14], "texture": "#particle"},
				"west": {"uv": [11, 14, 9, 11], "texture": "#particle"},
				"up": {"uv": [11, 14, 9, 11], "rotation": 90, "texture": "#particle"},
				"down": {"uv": [9, 11, 11, 14], "rotation": 90, "texture": "#particle"}
			}
		},
		{
			"from": [9.75, 8.75, 3.9],
			"to": [6.25, 5.25, 1.9],
			"shade": false,
			"rotation": {"angle": -32.5, "axis": "z", "origin": [8, 7, 3.9]},
			"faces": {
				"east": {"uv": [11, 11, 9, 14], "texture": "#particle"},
				"west": {"uv": [9, 14, 11, 11], "texture": "#particle"},
				"up": {"uv": [9, 14, 11, 11], "rotation": 90, "texture": "#particle"},
				"down": {"uv": [11, 11, 9, 14], "rotation": 90, "texture": "#particle"}
			}
		},
		{
			"from": [7.5, 6.5, 4.4],
			"to": [8.5, 7.5, 4.4],
			"shade": false,
			"rotation": {"angle": 22.5, "axis": "z", "origin": [8, 7, 4.4]},
			"faces": {
				"north": {"uv": [10, 5, 9, 6], "rotation": 270, "texture": "#particle"}
			}
		}
	]
}