{
	"format_version": "1.21.6",
	"credit": "Created by Mickey Joe Alpha - http://YouTube.com/@MushirMickeyJoe",
	"textures": {
		"particle": "block/rose_bush/rose_bush_rose_0"
	},
	"elements": [
		{
			"from": [1.9, 5.25, 6.25],
			"to": [3.9, 8.75, 9.75],
			"shade": false,
			"rotation": {"angle": -12.5, "axis": "x", "origin": [3.65, 7, 8]},
			"faces": {
				"north": {"uv": [9, 11, 11, 14], "texture": "#particle"},
				"south": {"uv": [11, 14, 9, 11], "texture": "#particle"},
				"up": {"uv": [9, 11, 11, 14], "rotation": 180, "texture": "#particle"},
				"down": {"uv": [11, 14, 9, 11], "texture": "#particle"}
			}
		},
		{
			"from": [2.9, 5.5, 6.5],
			"to": [4.9, 8.5, 9.5],
			"shade": false,
			"rotation": {"angle": -22.5, "axis": "x", "origin": [3.65, 7, 8]},
			"faces": {
				"north": {"uv": [16, 6, 13, 8], "rotation": 270, "texture": "#particle"},
				"east": {"uv": [13, 8, 16, 11], "rotation": 270, "texture": "#particle"},
				"south": {"uv": [13, 8, 10, 6], "rotation": 270, "texture": "#particle"},
				"up": {"uv": [13, 8, 11, 11], "rotation": 180, "texture": "#particle"},
				"down": {"uv": [11, 8, 13, 11], "texture": "#particle"}
			}
		},
		{
			"from": [1.9, 6, 7],
			"to": [4.9, 8, 9],
			"shade": false,
			"rotation": {"angle": 0, "axis": "x", "origin": [3.65, 7, 8]},
			"faces": {
				"north": {"uv": [15, 11, 13, 14], "rotation": 270, "texture": "#particle"},
				"south": {"uv": [13, 14, 11, 11], "rotation": 270, "texture": "#particle"},
				"up": {"uv": [13, 14, 10, 16], "rotation": 180, "texture": "#particle"},
				"down": {"uv": [10, 14, 13, 16], "texture": "#particle"}
			}
		},
		{
			"from": [4.8, 8, 9],
			"to": [1.9, 6, 7],
			"shade": false,
			"rotation": {"angle": 0, "axis": "x", "origin": [3.65, 7, 8]},
			"faces": {
				"north": {"uv": [13, 14, 11, 11], "rotation": 270, "texture": "#particle"},
				"south": {"uv": [15, 11, 13, 14], "rotation": 270, "texture": "#particle"},
				"west": {"uv": [10, 8, 8, 6], "rotation": 90, "texture": "#particle"},
				"up": {"uv": [13, 14, 10, 16], "texture": "#particle"},
				"down": {"uv": [10, 14, 13, 16], "rotation": 180, "texture": "#particle"}
			}
		},
		{
			"from": [1.4, 6.5, 7.5],
			"to": [4.4, 7.5, 8.5],
			"shade": false,
			"rotation": {"angle": 22.5, "axis": "x", "origin": [3.65, 7, 8]},
			"faces": {
				"north": {"uv": [16, 13, 15, 16], "rotation": 270, "texture": "#particle"},
				"south": {"uv": [16, 16, 15, 13], "rotation": 270, "texture": "#particle"},
				"up": {"uv": [15, 16, 16, 13], "rotation": 270, "texture": "#particle"},
				"down": {"uv": [15, 13, 16, 16], "rotation": 90, "texture": "#particle"}
			}
		},
		{
			"from": [4.9, 8.5, 9.5],
			"to": [2.9, 5.5, 6.5],
			"shade": false,
			"rotation": {"angle": -22.5, "axis": "x", "origin": [3.65, 7, 8]},
			"faces": {
				"north": {"uv": [13, 4, 16, 2], "rotation": 270, "texture": "#particle"},
				"south": {"uv": [13, 4, 16, 6], "rotation": 270, "texture": "#particle"},
				"west": {"uv": [8, 8, 11, 11], "rotation": 270, "texture": "#particle"},
				"up": {"uv": [13, 2, 11, 5], "texture": "#particle"},
				"down": {"uv": [11, 2, 13, 5], "rotation": 180, "texture": "#particle"}
			}
		},
		{
			"from": [3.9, 8.75, 9.75],
			"to": [1.9, 5.25, 6.25],
			"shade": false,
			"rotation": {"angle": -12.5, "axis": "x", "origin": [3.65, 7, 8]},
			"faces": {
				"north": {"uv": [11, 11, 9, 14], "texture": "#particle"},
				"south": {"uv": [9, 14, 11, 11], "texture": "#particle"},
				"up": {"uv": [11, 11, 9, 14], "rotation": 180, "texture": "#particle"},
				"down": {"uv": [9, 14, 11, 11], "texture": "#particle"}
			}
		},
		{
			"from": [4.4, 6.5, 7.5],
			"to": [4.4, 7.5, 8.5],
			"shade": false,
			"rotation": {"angle": 22.5, "axis": "x", "origin": [3.65, 7, 8]},
			"faces": {
				"west": {"uv": [10, 5, 9, 6], "rotation": 90, "texture": "#particle"}
			}
		}
	]
}