{
	"format_version": "1.21.6",
	"credit": "Created by Mickey Joe Alpha - http://YouTube.com/@MushirMickeyJoe",
	"textures": {
		"particle": "block/peony/peony_flower_0"
	},
	"elements": [
		{
			"from": [6.5, 7.5, 14.5],
			"to": [10.5, 11.5, 16.5],
			"shade": false,
			"rotation": {"angle": -11.25, "axis": "x", "origin": [8.5, 9.5, 14]},
			"faces": {
				"east": {"uv": [6, 1, 10, 3], "rotation": 270, "texture": "#particle"},
				"south": {"uv": [16, 4, 12, 0], "rotation": 90, "texture": "#particle"},
				"west": {"uv": [6, 1, 10, 3], "rotation": 90, "texture": "#particle"},
				"up": {"uv": [6, 1, 10, 3], "rotation": 180, "texture": "#particle"},
				"down": {"uv": [6, 1, 10, 3], "texture": "#particle"}
			}
		},
		{
			"from": [10.5, 11.5, 16.5],
			"to": [6.5, 7.5, 14.5],
			"shade": false,
			"rotation": {"angle": -11.25, "axis": "x", "origin": [8.5, 9.5, 14]},
			"faces": {
				"north": {"uv": [16, 0, 12, 4], "rotation": 270, "texture": "#particle"},
				"east": {"uv": [6, 3, 10, 1], "rotation": 270, "texture": "#particle"},
				"south": {"uv": [14, 16, 10, 12], "rotation": 270, "texture": "#particle"},
				"west": {"uv": [6, 3, 10, 1], "rotation": 90, "texture": "#particle"},
				"up": {"uv": [6, 3, 10, 1], "rotation": 180, "texture": "#particle"},
				"down": {"uv": [6, 3, 10, 1], "texture": "#particle"}
			}
		},
		{
			"from": [6, 7, 14],
			"to": [11, 12, 17],
			"shade": false,
			"rotation": {"angle": -11.25, "axis": "x", "origin": [8.5, 9.5, 14]},
			"faces": {
				"east": {"uv": [0, 13, 5, 16], "rotation": 270, "texture": "#particle"},
				"south": {"uv": [16, 9, 11, 4], "rotation": 90, "texture": "#particle"},
				"west": {"uv": [0, 13, 5, 16], "rotation": 90, "texture": "#particle"},
				"up": {"uv": [0, 13, 5, 16], "rotation": 180, "texture": "#particle"},
				"down": {"uv": [0, 13, 5, 16], "texture": "#particle"}
			}
		},
		{
			"from": [6, 5, 14],
			"to": [11, 14, 14],
			"shade": false,
			"rotation": {"angle": -11.25, "axis": "x", "origin": [8.5, 9.5, 14]},
			"faces": {
				"north": {"uv": [10, 3, 5, 12], "rotation": 180, "texture": "#particle"},
				"south": {"uv": [5, 12, 0, 3], "texture": "#particle"}
			}
		},
		{
			"from": [11, 12, 17],
			"to": [6, 7, 14],
			"shade": false,
			"rotation": {"angle": -11.25, "axis": "x", "origin": [8.5, 9.5, 14]},
			"faces": {
				"north": {"uv": [16, 4, 11, 9], "rotation": 270, "texture": "#particle"},
				"east": {"uv": [5, 13, 0, 16], "rotation": 90, "texture": "#particle"},
				"west": {"uv": [5, 13, 0, 16], "rotation": 270, "texture": "#particle"},
				"up": {"uv": [5, 13, 0, 16], "texture": "#particle"},
				"down": {"uv": [5, 13, 0, 16], "rotation": 180, "texture": "#particle"}
			}
		},
		{
			"from": [5.5, 6.5, 13.5],
			"to": [11.5, 12.5, 16.5],
			"shade": false,
			"rotation": {"angle": -11.25, "axis": "x", "origin": [8.5, 9.5, 14]},
			"faces": {
				"east": {"uv": [16, 9, 10, 12], "rotation": 270, "texture": "#particle"},
				"west": {"uv": [16, 9, 10, 12], "rotation": 90, "texture": "#particle"},
				"up": {"uv": [10, 9, 16, 12], "rotation": 180, "texture": "#particle"},
				"down": {"uv": [10, 9, 16, 12], "texture": "#particle"}
			}
		}
	]
}