{
	"credit": "Created by Mickey Joe Alpha - http://YouTube.com/@MushirMickeyJoe",
	"ambientocclusion": false,
	"textures": {
		"mushroom": "block/red_mushroom",
		"particle": "block/flower_pot"
	},
	"elements": [
		{
			"from": [7.5, 4, 7.5],
			"to": [9.5, 8, 9.5],
			"faces": {
				"north": {"uv": [6, 7, 8, 11], "texture": "#mushroom"},
				"east": {"uv": [6, 7, 8, 11], "texture": "#mushroom"},
				"south": {"uv": [6, 7, 8, 11], "texture": "#mushroom"},
				"west": {"uv": [6, 7, 8, 11], "texture": "#mushroom"}
			}
		},
		{
			"from": [5.5, 8, 5.5],
			"to": [11.5, 12, 11.5],
			"faces": {
				"north": {"uv": [6, 6, 0, 10], "texture": "#mushroom"},
				"east": {"uv": [6, 6, 0, 10], "texture": "#mushroom"},
				"south": {"uv": [0, 6, 6, 10], "texture": "#mushroom"},
				"west": {"uv": [0, 6, 6, 10], "texture": "#mushroom"},
				"up": {"uv": [0, 0, 6, 6], "texture": "#mushroom"},
				"down": {"uv": [6, 0, 12, 6], "texture": "#mushroom"}
			}
		}
	],
	"display": {
		"head": {
			"translation": [0, 14.6, 0]
		}
	}
}