{
	"format_version": "1.21.6",
	"credit": "Created by Mickey Joe Alpha - http://YouTube.com/@MushirMickeyJoe",
	"textures": {
		"particle": "block/lilac/lilac_0"
	},
	"elements": [
		{
			"from": [-7, -5, 4],
			"to": [23, 13, 4],
			"shade": false,
			"rotation": {"angle": -5.05, "axis": "x", "origin": [8, -5, 4]},
			"faces": {
				"north": {"uv": [15, 0, 0, 9], "texture": "#particle"},
				"south": {"uv": [0, 0, 15, 9], "texture": "#particle"}
			}
		},
		{
			"from": [-7, -5, 12],
			"to": [23, 13, 12],
			"shade": false,
			"rotation": {"angle": 5.05, "axis": "x", "origin": [8, -5, 12]},
			"faces": {
				"north": {"uv": [0, 0, 15, 9], "texture": "#particle"},
				"south": {"uv": [15, 0, 0, 9], "texture": "#particle"}
			}
		},
		{
			"from": [4, -5, -7],
			"to": [4, 13, 23],
			"shade": false,
			"rotation": {"angle": 5.05, "axis": "z", "origin": [4, -5, 8]},
			"faces": {
				"east": {"uv": [0, 0, 15, 9], "texture": "#particle"},
				"west": {"uv": [15, 0, 0, 9], "texture": "#particle"}
			}
		},
		{
			"from": [12, -5, -7],
			"to": [12, 13, 23],
			"shade": false,
			"rotation": {"angle": -5.05, "axis": "z", "origin": [12, -5, 8]},
			"faces": {
				"east": {"uv": [15, 0, 0, 9], "texture": "#particle"},
				"west": {"uv": [0, 0, 15, 9], "texture": "#particle"}
			}
		},
		{
			"from": [8, 0, 1],
			"to": [8, 16, 15],
			"shade": false,
			"rotation": {"angle": 45, "axis": "y", "origin": [8, -4, 8]},
			"faces": {
				"east": {"uv": [16, 16, 8, 9], "rotation": 90, "texture": "#particle"},
				"west": {"uv": [8, 9, 16, 16], "rotation": 270, "texture": "#particle"}
			}
		},
		{
			"from": [1, 0, 8],
			"to": [15, 16, 8],
			"shade": false,
			"rotation": {"angle": 45, "axis": "y", "origin": [8, -4, 8]},
			"faces": {
				"north": {"uv": [16, 16, 8, 9], "rotation": 90, "texture": "#particle"},
				"south": {"uv": [8, 9, 16, 16], "rotation": 270, "texture": "#particle"}
			}
		}
	]
}