{
	"credit": "Created by Mickey Joe Alpha - http://YouTube.com/@MushirMickeyJoe",
	"textures": {
		"particle": "block/brown_mushroom"
	},
	"elements": [
		{
			"from": [5.99, -0.01, 5.99],
			"to": [8.01, 4.01, 8.01],
			"rotation": {"angle": 0, "axis": "y", "origin": [7, 8, 7]},
			"faces": {
				"north": {"uv": [8, 11, 10, 15], "texture": "#particle"},
				"east": {"uv": [8, 11, 10, 15], "texture": "#particle"},
				"south": {"uv": [8, 11, 10, 15], "texture": "#particle"},
				"west": {"uv": [8, 11, 10, 15], "texture": "#particle"},
				"down": {"uv": [10, 8, 12, 10], "texture": "#particle", "cullface": "down"}
			}
		},
		{
			"from": [2.99, 3.97, 2.99],
			"to": [11.01, 5.99, 11.01],
			"rotation": {"angle": 0, "axis": "y", "origin": [7, 8, 7]},
			"faces": {
				"north": {"uv": [0, 8, 8, 10], "texture": "#particle"},
				"east": {"uv": [0, 8, 8, 10], "texture": "#particle"},
				"south": {"uv": [0, 10, 8, 12], "texture": "#particle"},
				"west": {"uv": [0, 8, 8, 10], "texture": "#particle"},
				"up": {"uv": [0, 0, 8, 8], "texture": "#particle"},
				"down": {"uv": [8, 0, 16, 8], "texture": "#particle"}
			}
		}
	]
}