{
	"credit": "Created by Mickey Joe Alpha - http://YouTube.com/@MushirMickeyJoe",
	"ambientocclusion": false,
	"textures": {
		"mushroom": "block/brown_mushroom",
		"particle": "block/flower_pot"
	},
	"elements": [
		{
			"from": [7.5, 4, 7.5],
			"to": [9.5, 8, 9.5],
			"faces": {
				"north": {"uv": [8, 11, 10, 15], "texture": "#mushroom"},
				"east": {"uv": [8, 11, 10, 15], "texture": "#mushroom"},
				"south": {"uv": [8, 11, 10, 15], "texture": "#mushroom"},
				"west": {"uv": [8, 11, 10, 15], "texture": "#mushroom"}
			}
		},
		{
			"from": [5.5, 8, 5.5],
			"to": [11.5, 10, 11.5],
			"faces": {
				"north": {"uv": [0, 12, 6, 14], "texture": "#mushroom"},
				"east": {"uv": [0, 12, 6, 14], "texture": "#mushroom"},
				"south": {"uv": [0, 12, 6, 14], "texture": "#mushroom"},
				"west": {"uv": [0, 12, 6, 14], "texture": "#mushroom"},
				"up": {"uv": [10, 10, 16, 16], "texture": "#mushroom"},
				"down": {"uv": [9, 1, 15, 7], "texture": "#mushroom"}
			}
		}
	],
	"display": {
		"head": {
			"translation": [0, 14.6, 0]
		}
	}
}