{
	"credit": "Created by Mickey Joe Alpha - http://YouTube.com/@MushirMickeyJoe",
	"parent": "block/block",
	"textures": {
		"flower": "block/chorus_flower_age_0",
		"petals": "block/chorus_petals_age_0",
		"particle": "block/chorus_flower_dead"
	},
	"elements": [
		{
			"from": [2, 14, 2],
			"to": [14, 16, 14],
			"faces": {
				"north": {"uv": [2, 0, 14, 2], "texture": "#particle"},
				"east": {"uv": [2, 0, 14, 2], "texture": "#particle"},
				"south": {"uv": [2, 0, 14, 2], "texture": "#particle"},
				"west": {"uv": [2, 0, 14, 2], "texture": "#particle"}
			}
		},
		{
			"from": [0, 2, 2],
			"to": [2, 14, 14],
			"faces": {
				"north": {"uv": [14, 2, 16, 14], "texture": "#particle"},
				"south": {"uv": [0, 2, 2, 14], "texture": "#particle"},
				"up": {"uv": [0, 2, 2, 14], "texture": "#particle"},
				"down": {"uv": [16, 14, 14, 2], "texture": "#particle"}
			}
		},
		{
			"from": [2, 2, 0],
			"to": [14, 14, 2],
			"faces": {
				"east": {"uv": [14, 2, 16, 14], "texture": "#particle"},
				"west": {"uv": [0, 2, 2, 14], "texture": "#particle"},
				"up": {"uv": [2, 0, 14, 2], "texture": "#particle"},
				"down": {"uv": [14, 2, 2, 0], "texture": "#particle"}
			}
		},
		{
			"from": [2, 2, 14],
			"to": [14, 14, 16],
			"faces": {
				"east": {"uv": [0, 2, 2, 14], "texture": "#particle"},
				"west": {"uv": [14, 2, 16, 14], "texture": "#particle"},
				"up": {"uv": [2, 14, 14, 16], "texture": "#particle"},
				"down": {"uv": [14, 16, 2, 14], "texture": "#particle"}
			}
		},
		{
			"from": [14, 2, 2],
			"to": [16, 14, 14],
			"faces": {
				"north": {"uv": [0, 2, 2, 14], "texture": "#particle"},
				"south": {"uv": [14, 2, 16, 14], "texture": "#particle"},
				"up": {"uv": [14, 2, 16, 14], "texture": "#particle"},
				"down": {"uv": [2, 14, 0, 2], "texture": "#particle"}
			}
		},
		{
			"from": [2, 0, 2],
			"to": [14, 14, 14],
			"faces": {
				"north": {"uv": [2, 2, 14, 16], "texture": "#particle"},
				"east": {"uv": [2, 2, 14, 16], "texture": "#particle"},
				"south": {"uv": [2, 2, 14, 16], "texture": "#particle"},
				"west": {"uv": [2, 2, 14, 16], "texture": "#particle"},
				"up": {"uv": [2, 2, 14, 14], "texture": "#particle"}
			}
		},
		{
			"from": [4, 9, 0],
			"to": [12, 17, 0],
			"shade": false,
			"rotation": {"angle": -22.5, "axis": "x", "origin": [8, 9, 0]},
			"faces": {
				"north": {"uv": [0, 0, 8, 8], "texture": "#petals", "cullface": "north"},
				"south": {"uv": [8, 0, 0, 8], "texture": "#petals"}
			}
		},
		{
			"from": [0, 0, 0],
			"to": [16, 8, 0],
			"shade": false,
			"rotation": {"angle": 22.5, "axis": "x", "origin": [8, 8, 0]},
			"faces": {
				"north": {"uv": [0, 8, 16, 16], "texture": "#petals", "cullface": "north"},
				"south": {"uv": [16, 8, 0, 16], "texture": "#petals"}
			}
		},
		{
			"from": [15.39104, -4.06147, 4],
			"to": [15.39104, 3.93853, 12],
			"shade": false,
			"rotation": {"angle": 22.5, "axis": "z", "origin": [8, 7, 8]},
			"faces": {
				"east": {"uv": [0, 8, 8, 0], "texture": "#petals", "cullface": "east"},
				"west": {"uv": [8, 8, 0, 0], "texture": "#petals", "cullface": "east"}
			}
		},
		{
			"from": [15.00835, 10.98535, 0],
			"to": [15.00835, 18.98535, 16],
			"shade": false,
			"rotation": {"angle": -22.5, "axis": "z", "origin": [8, 7, 8]},
			"faces": {
				"east": {"uv": [0, 16, 16, 8], "texture": "#petals", "cullface": "east"},
				"west": {"uv": [16, 16, 0, 8], "texture": "#petals", "cullface": "east"}
			}
		},
		{
			"from": [4, 11.98535, 15.00835],
			"to": [12, 19.98535, 15.00835],
			"shade": false,
			"rotation": {"angle": 22.5, "axis": "x", "origin": [8, 8, 8]},
			"faces": {
				"north": {"uv": [8, 0, 0, 8], "texture": "#petals", "cullface": "south"},
				"south": {"uv": [0, 0, 8, 8], "texture": "#petals", "cullface": "south"}
			}
		},
		{
			"from": [0, -3.06147, 15.39104],
			"to": [16, 4.93853, 15.39104],
			"shade": false,
			"rotation": {"angle": -22.5, "axis": "x", "origin": [8, 8, 8]},
			"faces": {
				"north": {"uv": [16, 8, 0, 16], "texture": "#petals", "cullface": "south"},
				"south": {"uv": [0, 8, 16, 16], "texture": "#petals", "cullface": "south"}
			}
		},
		{
			"from": [0.60896, -4.06147, 4],
			"to": [0.60896, 3.93853, 12],
			"shade": false,
			"rotation": {"angle": -22.5, "axis": "z", "origin": [8, 7, 8]},
			"faces": {
				"east": {"uv": [8, 8, 0, 0], "texture": "#petals", "cullface": "west"},
				"west": {"uv": [0, 8, 8, 0], "texture": "#petals", "cullface": "west"}
			}
		},
		{
			"from": [0.99165, 10.98535, 0],
			"to": [0.99165, 18.98535, 16],
			"shade": false,
			"rotation": {"angle": 22.5, "axis": "z", "origin": [8, 7, 8]},
			"faces": {
				"east": {"uv": [16, 16, 0, 8], "texture": "#petals", "cullface": "west"},
				"west": {"uv": [0, 16, 16, 8], "texture": "#petals", "cullface": "west"}
			}
		},
		{
			"from": [0, 15.39104, -3.06147],
			"to": [16, 15.39104, 4.93853],
			"shade": false,
			"rotation": {"angle": 22.5, "axis": "x", "origin": [8, 8, 8]},
			"faces": {
				"up": {"uv": [0, 8, 16, 16], "rotation": 180, "texture": "#petals", "cullface": "north"},
				"down": {"uv": [16, 8, 0, 16], "texture": "#petals"}
			}
		},
		{
			"from": [4, 15.00835, 11.98535],
			"to": [12, 15.00835, 19.98535],
			"shade": false,
			"rotation": {"angle": -22.5, "axis": "x", "origin": [8, 8, 8]},
			"faces": {
				"up": {"uv": [0, 0, 8, 8], "rotation": 180, "texture": "#petals", "cullface": "north"},
				"down": {"uv": [8, 0, 0, 8], "texture": "#petals"}
			}
		},
		{
			"from": [-3.06147, 0.60896, 0],
			"to": [4.93853, 0.60896, 16],
			"shade": false,
			"rotation": {"angle": 22.5, "axis": "z", "origin": [8, 8, 8]},
			"faces": {
				"up": {"uv": [16, 8, 0, 16], "rotation": 90, "texture": "#petals"},
				"down": {"uv": [0, 8, 16, 16], "rotation": 90, "texture": "#petals", "cullface": "north"}
			}
		},
		{
			"from": [11.98535, 0.99165, 4],
			"to": [19.98535, 0.99165, 12],
			"shade": false,
			"rotation": {"angle": -22.5, "axis": "z", "origin": [8, 8, 8]},
			"faces": {
				"up": {"uv": [8, 0, 0, 8], "rotation": 90, "texture": "#petals"},
				"down": {"uv": [0, 0, 8, 8], "rotation": 90, "texture": "#petals", "cullface": "north"}
			}
		},
		{
			"from": [16, 5, 8],
			"to": [22, 10, 8],
			"shade": false,
			"rotation": {"angle": 0, "axis": "y", "origin": [16, 7, 7]},
			"faces": {
				"north": {"uv": [10, 0, 16, 5], "texture": "#petals", "cullface": "east"},
				"south": {"uv": [16, 0, 10, 5], "texture": "#petals", "cullface": "east"}
			}
		},
		{
			"from": [-6, 5, 8],
			"to": [0, 10, 8],
			"shade": false,
			"rotation": {"angle": 0, "axis": "y", "origin": [0, 7, 7]},
			"faces": {
				"north": {"uv": [16, 0, 10, 5], "texture": "#petals", "cullface": "west"},
				"south": {"uv": [10, 0, 16, 5], "texture": "#petals", "cullface": "west"}
			}
		},
		{
			"from": [8, 6, -6],
			"to": [8, 11, 0],
			"shade": false,
			"rotation": {"angle": 0, "axis": "y", "origin": [9, 8, 0]},
			"faces": {
				"east": {"uv": [16, 0, 10, 5], "texture": "#petals", "cullface": "north"},
				"west": {"uv": [10, 0, 16, 5], "texture": "#petals", "cullface": "north"}
			}
		},
		{
			"from": [8, 6, 16],
			"to": [8, 11, 22],
			"shade": false,
			"rotation": {"angle": 0, "axis": "y", "origin": [9, 8, 16]},
			"faces": {
				"east": {"uv": [10, 0, 16, 5], "texture": "#petals", "cullface": "south"},
				"west": {"uv": [16, 0, 10, 5], "texture": "#petals", "cullface": "south"}
			}
		},
		{
			"from": [8, 16, 6],
			"to": [8, 22, 11],
			"shade": false,
			"rotation": {"angle": 0, "axis": "y", "origin": [9, 16, 8]},
			"faces": {
				"east": {"uv": [16, 0, 10, 5], "rotation": 270, "texture": "#petals", "cullface": "up"},
				"west": {"uv": [10, 0, 16, 5], "rotation": 90, "texture": "#petals", "cullface": "up"}
			}
		},
		{
			"from": [6, -6, 8],
			"to": [11, 0, 8],
			"shade": false,
			"rotation": {"angle": 0, "axis": "y", "origin": [8, 0, 9]},
			"faces": {
				"north": {"uv": [16, 5, 10, 0], "rotation": 90, "texture": "#petals", "cullface": "down"},
				"south": {"uv": [10, 5, 16, 0], "rotation": 270, "texture": "#petals", "cullface": "down"}
			}
		},
		{
			"from": [0, 0, 0],
			"to": [16, 16, 0],
			"rotation": {"angle": 0, "axis": "z", "origin": [8, 8, 0]},
			"faces": {
				"north": {"uv": [0, 0, 16, 16], "texture": "#flower", "cullface": "north"},
				"south": {"uv": [0, 0, 16, 16], "texture": "#flower"}
			}
		},
		{
			"from": [16, 0, 0],
			"to": [16, 16, 16],
			"rotation": {"angle": 0, "axis": "y", "origin": [8, 7, 8]},
			"faces": {
				"east": {"uv": [0, 16, 16, 0], "texture": "#flower", "cullface": "east"},
				"west": {"uv": [0, 16, 16, 0], "texture": "#flower", "cullface": "east"}
			}
		},
		{
			"from": [0, 0, 16],
			"to": [16, 16, 16],
			"rotation": {"angle": 0, "axis": "y", "origin": [8, 8, 8]},
			"faces": {
				"north": {"uv": [0, 0, 16, 16], "texture": "#flower", "cullface": "south"},
				"south": {"uv": [0, 0, 16, 16], "texture": "#flower", "cullface": "south"}
			}
		},
		{
			"from": [0, 0, 0],
			"to": [0, 16, 16],
			"rotation": {"angle": 0, "axis": "y", "origin": [8, 7, 8]},
			"faces": {
				"east": {"uv": [0, 16, 16, 0], "texture": "#flower", "cullface": "west"},
				"west": {"uv": [0, 16, 16, 0], "texture": "#flower", "cullface": "west"}
			}
		},
		{
			"from": [0, 16, 0],
			"to": [16, 16, 16],
			"rotation": {"angle": 0, "axis": "y", "origin": [8, 8, 8]},
			"faces": {
				"up": {"uv": [0, 0, 16, 16], "rotation": 180, "texture": "#flower", "cullface": "north"},
				"down": {"uv": [0, 0, 16, 16], "texture": "#flower"}
			}
		},
		{
			"from": [0, 0, 0],
			"to": [16, 0, 16],
			"rotation": {"angle": 0, "axis": "y", "origin": [8, 8, 8]},
			"faces": {
				"up": {"uv": [0, 0, 16, 16], "rotation": 90, "texture": "#flower"},
				"down": {"uv": [0, 0, 16, 16], "rotation": 90, "texture": "#flower", "cullface": "north"}
			}
		}
	],
	"gui_light": "front"
}