{
	"credit": "Created by Mickey Joe Alpha - http://YouTube.com/@MushirMickeyJoe",
	"ambientocclusion": false,
	"textures": {
		"particle": "block/cornflower_0"
	},
	"elements": [
		{
			"from": [3.9152, -0.3, 8.24009],
			"to": [10.9152, 7.7, 8.24009],
			"shade": false,
			"rotation": {"angle": -22.5, "axis": "z", "origin": [7.6652, -0.3, 8.01509]},
			"faces": {
				"north": {"uv": [9, 8, 16, 16], "texture": "#particle"},
				"south": {"uv": [9, 8, 16, 16], "texture": "#particle"}
			}
		},
		{
			"from": [7.9152, -0.3, 4.29009],
			"to": [7.9152, 7.7, 11.29009],
			"shade": false,
			"rotation": {"angle": -22.5, "axis": "z", "origin": [7.6652, -0.3, 8.01509]},
			"faces": {
				"east": {"uv": [9, 8, 16, 16], "texture": "#particle"},
				"west": {"uv": [9, 8, 16, 16], "texture": "#particle"}
			}
		},
		{
			"from": [6.7, 7.7, 7],
			"to": [8.7, 9.7, 9],
			"shade": false,
			"rotation": {"angle": -22.5, "axis": "z", "origin": [7.6652, -0.3, 8.01509]},
			"faces": {
				"north": {"uv": [0, 12, 2, 14], "texture": "#particle"},
				"east": {"uv": [2, 12, 0, 14], "texture": "#particle"},
				"south": {"uv": [0, 12, 2, 14], "texture": "#particle"},
				"west": {"uv": [2, 12, 0, 14], "texture": "#particle"},
				"down": {"uv": [2, 14, 0, 16], "texture": "#particle"}
			}
		},
		{
			"from": [6.7, 7.7, 6],
			"to": [8.7, 9.7, 6],
			"shade": false,
			"rotation": {"angle": -22.5, "axis": "z", "origin": [7.6652, -0.3, 8.01509]},
			"faces": {
				"north": {"uv": [6, 2, 4, 0], "texture": "#particle"},
				"south": {"uv": [4, 2, 6, 0], "texture": "#particle"}
			}
		},
		{
			"from": [6.7, 7.7, 10],
			"to": [8.7, 9.7, 10],
			"shade": false,
			"rotation": {"angle": -22.5, "axis": "z", "origin": [7.6652, -0.3, 8.01509]},
			"faces": {
				"north": {"uv": [4, 2, 6, 0], "texture": "#particle"},
				"south": {"uv": [6, 2, 4, 0], "texture": "#particle"}
			}
		},
		{
			"from": [4.7, 9.7, 5],
			"to": [10.7, 9.7, 11],
			"shade": false,
			"rotation": {"angle": -22.5, "axis": "z", "origin": [7.6652, -0.3, 8.01509]},
			"faces": {
				"up": {"uv": [6, 10, 0, 4], "texture": "#particle"},
				"down": {"uv": [6, 4, 0, 10], "texture": "#particle"}
			}
		},
		{
			"from": [12.44806, 8.54279, 6],
			"to": [14.44806, 8.54279, 9],
			"shade": false,
			"rotation": {"angle": 0, "axis": "z", "origin": [7.6652, -0.3, 8.01509]},
			"faces": {
				"up": {"uv": [4, 2, 1, 0], "rotation": 90, "texture": "#particle"},
				"down": {"uv": [4, 0, 1, 2], "rotation": 270, "texture": "#particle"}
			}
		},
		{
			"from": [6.7, 9.7, 8],
			"to": [8.7, 11.7, 8],
			"shade": false,
			"rotation": {"angle": -22.5, "axis": "z", "origin": [7.6652, -0.3, 8.01509]},
			"faces": {
				"north": {"uv": [4, 16, 2, 14], "texture": "#particle"},
				"south": {"uv": [2, 14, 4, 16], "rotation": 180, "texture": "#particle"}
			}
		},
		{
			"from": [7.7, 9.7, 7],
			"to": [7.7, 11.7, 9],
			"shade": false,
			"rotation": {"angle": -22.5, "axis": "z", "origin": [7.6652, -0.3, 8.01509]},
			"faces": {
				"east": {"uv": [2, 14, 4, 16], "rotation": 180, "texture": "#particle"},
				"west": {"uv": [4, 16, 2, 14], "texture": "#particle"}
			}
		},
		{
			"from": [0.94664, 8.56943, 7],
			"to": [2.94664, 8.56943, 10],
			"shade": false,
			"rotation": {"angle": -45, "axis": "z", "origin": [7.6652, -0.3, 8.01509]},
			"faces": {
				"up": {"uv": [4, 2, 1, 0], "rotation": 270, "texture": "#particle"},
				"down": {"uv": [1, 2, 4, 0], "rotation": 270, "texture": "#particle"}
			}
		},
		{
			"from": [12.05377, 7.45357, 6],
			"to": [14.05377, 7.45357, 10],
			"shade": false,
			"rotation": {"angle": 22.5, "axis": "z", "origin": [7.6652, -0.3, 8.01509]},
			"faces": {
				"up": {"uv": [6, 4, 4, 0], "texture": "#particle"},
				"down": {"uv": [6, 0, 4, 4], "texture": "#particle"}
			}
		},
		{
			"from": [15.46798, 4.03935, 6],
			"to": [15.46798, 6.03935, 10],
			"shade": false,
			"rotation": {"angle": 22.5, "axis": "z", "origin": [7.6652, -0.3, 8.01509]},
			"faces": {
				"east": {"uv": [6, 4, 4, 0], "rotation": 270, "texture": "#particle"},
				"west": {"uv": [6, 0, 4, 4], "rotation": 270, "texture": "#particle"}
			}
		}
	],
	"gui_light": "front",
	"display": {
		"thirdperson_righthand": {
			"translation": [-0.5, 6, 1.5]
		},
		"thirdperson_lefthand": {
			"translation": [-0.5, 6, 1.5]
		},
		"firstperson_righthand": {
			"rotation": [8, -15, 20],
			"translation": [1.88, 3.2, 1.13],
			"scale": [0.68, 0.68, 0.68]
		},
		"firstperson_lefthand": {
			"rotation": [8, -15, 20],
			"translation": [1.88, 3.2, 1.13],
			"scale": [0.68, 0.68, 0.68]
		},
		"ground": {
			"translation": [0, 3, 0],
			"scale": [0.5, 0.5, 0.5]
		},
		"gui": {
			"rotation": [125, -50, 82],
			"translation": [-1.25, 0.25, 0],
			"scale": [1.6, 1.6, 1.6]
		},
		"head": {
			"rotation": [-45, 0, -90],
			"translation": [5.75, -4.75, -6.75]
		},
		"fixed": {
			"rotation": [-27, 0, 0],
			"translation": [0.75, 4.5, -5.75],
			"scale": [2, 2, 2]
		}
	}
}