{
	"credit": "Created by Mickey Joe Alpha - http://YouTube.com/@MushirMickeyJoe",
	"multipart": [
		{
			"apply": [
				{
					"model": "block/dandelion/dandelion_leaves_1",
					"y": 180,
					"weight": 100
				},
				{
					"model": "block/dandelion/dandelion_leaves_1",
					"y": 270,
					"weight": 100
				},
				{
					"model": "block/dandelion/dandelion_leaves_1",
					"y": 90,
					"weight": 100
				},
				{
					"model": "block/dandelion/dandelion_leaves_1",
					"weight": 100
				},
				{
					"model": "block/empty",
					"weight": 400
				}
			]
		},
		{
			"apply": [
				{
					"model": "block/dandelion/dandelion_0"
				},
				{
					"model": "block/dandelion/dandelion_0",
					"y": 90
				},
				{
					"model": "block/dandelion/dandelion_0",
					"y": 180
				},
				{
					"model": "block/dandelion/dandelion_0",
					"y": 270
				},
				{
					"model": "block/dandelion/dandelion_1"
				},
				{
					"model": "block/dandelion/dandelion_1",
					"y": 90
				},
				{
					"model": "block/dandelion/dandelion_1",
					"y": 180
				},
				{
					"model": "block/dandelion/dandelion_1",
					"y": 270
				}
			]
		},
		{
			"apply": [
				{
					"model": "block/dandelion/dandelion_leaves_0",
					"weight": 100
				},
				{
					"model": "block/dandelion/dandelion_leaves_2",
					"weight": 100
				},
				{
					"model": "block/empty",
					"weight": 200
				}
			]
		},
		{
			"apply": [
				{
					"model": "block/dandelion/dandelion_leaves_0",
					"y": 90,
					"weight": 101
				},
				{
					"model": "block/dandelion/dandelion_leaves_2",
					"y": 90,
					"weight": 100
				},
				{
					"model": "block/empty",
					"weight": 200
				}
			]
		}
	]
}