{
	"credit": "Created by Mickey Joe Alpha - http://YouTube.com/@MushirMickeyJoe",
    "variants": {
        "": [
            { "model": "block/lily_pad_0", "weight": 25 },
            { "model": "block/lily_pad_0", "y": 90, "weight": 25 },
            { "model": "block/lily_pad_0", "y": 180, "weight": 25 },
            { "model": "block/lily_pad_0", "y": 270, "weight": 25 },
            { "model": "block/lily_pad_1", "weight": 5 },
            { "model": "block/lily_pad_1", "y": 90, "weight": 5 },
            { "model": "block/lily_pad_1", "y": 180, "weight": 5 },
            { "model": "block/lily_pad_1", "y": 270, "weight": 5 },
            { "model": "block/lily_pad_2", "weight": 1 },
            { "model": "block/lily_pad_2", "y": 90, "weight": 1 },
            { "model": "block/lily_pad_2", "y": 180, "weight": 1 },
            { "model": "block/lily_pad_2", "y": 270, "weight": 1 },
            { "model": "block/lily_pad_3", "weight": 5 },
            { "model": "block/lily_pad_3", "y": 90, "weight": 5 },
            { "model": "block/lily_pad_3", "y": 180, "weight": 5 },
            { "model": "block/lily_pad_3", "y": 270, "weight": 5 }
        ]
    }
}