{
	"model": {
		"type": "composite",
		"models": [
			{
				"type": "model",
				"model": "block/peony/peony_top"
			},
			{
				"type": "model",
				"model": "block/peony/peony_flower_0_0"
			},
			{
				"type": "model",
				"model": "block/peony/peony_flower_1_0"
			},
			{
				"type": "model",
				"model": "block/peony/peony_flower_3_0"
			},
			{
				"type": "model",
				"model": "block/peony/peony_flower_0_1"
			},
			{
				"type": "model",
				"model": "block/peony/peony_flower_0_2"
			},
			{
				"type": "model",
				"model": "block/peony/peony_flower_1_1"
			},
			{
				"type": "model",
				"model": "block/peony/peony_flower_1_2"
			}
		]
	},
	"oversized_in_gui": true
}