{
  "oversized_in_gui": true,
  "model": {
    "type": "condition",
    "property": "has_component",
    "component": "custom_name",
    "on_true": {
      "type": "select",
      "property": "component",
      "component": "custom_name",
      "cases": [
        {
          "when": "Shieldbreaker Axe",
          "model": {
            "type": "model",
            "model": "item/netherite_axe/shieldbreaker_axe"
          }
        },
        {
          "when": "Dragonmaster Axe",
          "model": {
            "type": "model",
            "model": "item/netherite_axe/dragonmaster_axe"
          }
        },
        {
          "when": "Lava Warrior Hamaxe",
          "model": {
            "type": "model",
            "model": "item/netherite_axe/lava_warrior_hamaxe"
          }
        }
      ],
      "fallback": {
        "type": "model",
        "model": "item/netherite_axe"
      }
    },
    "on_false": {
      "type": "model",
      "model": "item/netherite_axe"
    }
  }
}