{
	"credit": "Created by Mickey Joe Alpha - http://YouTube.com/@MushirMickeyJoe",
	"ambientocclusion": false,
	"textures": {
		"particle": "block/pitcher_crop_bottom_stage_2",
		"sides": "block/pitcher_crop_side",
		"top": "block/pitcher_crop_top",
		"bottom": "block/pitcher_crop_bottom",
		"pitcher": "block/pitcher_crop_top_stage_2"
	},
	"elements": [
		{
			"name": "pitcher_crop_bottom_stage_2",
			"from": [0, 5, 8],
			"to": [16, 12, 8],
			"shade": false,
			"rotation": {"angle": 45, "axis": "y", "origin": [8, 6, 8]},
			"faces": {
				"north": {"uv": [0, 9, 16, 16], "texture": "#particle"},
				"south": {"uv": [0, 9, 16, 16], "texture": "#particle"}
			}
		},
		{
			"name": "pitcher_crop_bottom_stage_2",
			"from": [8, 5, 0],
			"to": [8, 12, 16],
			"shade": false,
			"rotation": {"angle": 45, "axis": "y", "origin": [8, 6, 8]},
			"faces": {
				"east": {"uv": [0, 9, 16, 16], "texture": "#particle"},
				"west": {"uv": [0, 9, 16, 16], "texture": "#particle"}
			}
		},
		{
			"name": "pitcher_crop_bottom_stage_1",
			"from": [3, -1, 3],
			"to": [13, 5, 13],
			"faces": {
				"north": {"uv": [3, 10, 13, 16], "texture": "#sides"},
				"east": {"uv": [3, 10, 13, 16], "texture": "#sides"},
				"south": {"uv": [3, 10, 13, 16], "texture": "#sides"},
				"west": {"uv": [3, 10, 13, 16], "texture": "#sides"},
				"up": {"uv": [3, 3, 13, 13], "texture": "#top"},
				"down": {"uv": [3, 3, 13, 13], "texture": "#bottom"}
			}
		},
		{
			"from": [6, 12, 6],
			"to": [10, 19, 10],
			"rotation": {"angle": 0, "axis": "y", "origin": [7, 12, 7]},
			"faces": {
				"north": {"uv": [4, 0, 8, 7], "texture": "#pitcher"},
				"east": {"uv": [0, 0, 4, 7], "texture": "#pitcher"},
				"south": {"uv": [8, 0, 12, 7], "texture": "#pitcher"},
				"west": {"uv": [4, 0, 0, 7], "texture": "#pitcher"},
				"down": {"uv": [12, 0, 16, 4], "texture": "#pitcher"}
			}
		},
		{
			"from": [10, 19, 10],
			"to": [6, 15, 6],
			"rotation": {"angle": 0, "axis": "y", "origin": [11, 16, 11]},
			"faces": {
				"north": {"uv": [4, 11, 8, 7], "texture": "#pitcher"},
				"east": {"uv": [0, 11, 4, 7], "texture": "#pitcher"},
				"south": {"uv": [0, 15, 4, 11], "texture": "#pitcher"},
				"west": {"uv": [4, 11, 0, 7], "texture": "#pitcher"},
				"up": {"uv": [4, 15, 8, 11], "texture": "#pitcher"}
			}
		},
		{
			"from": [5.5, 19, 4],
			"to": [10.5, 19, 11],
			"rotation": {"angle": 22.5, "axis": "x", "origin": [8, 19, 10]},
			"faces": {
				"up": {"uv": [11, 8, 16, 15], "texture": "#pitcher"},
				"down": {"uv": [11, 15, 16, 8], "texture": "#pitcher"}
			}
		}
	]
}