{
  "variants": {
    "facing=east,half=lower,hinge=left,open=false": {
      "model": "minecraft:block/birch_door_bottom_left",
      "uvlock": true
    },
    "facing=east,half=lower,hinge=left,open=true": {
      "model": "minecraft:block/birch_door_bottom_left_open",
      "y": 90,
      "uvlock": true
    },
    "facing=east,half=lower,hinge=right,open=false": {
      "model": "minecraft:block/birch_door_bottom_right",
      "uvlock": true
    },
    "facing=east,half=lower,hinge=right,open=true": {
      "model": "minecraft:block/birch_door_bottom_right_open",
      "y": 270,
      "uvlock": true
    },
    "facing=east,half=upper,hinge=left,open=false": {
      "model": "minecraft:block/birch_door_top_left",
      "uvlock": true
    },
    "facing=east,half=upper,hinge=left,open=true": {
      "model": "minecraft:block/birch_door_top_left_open",
      "y": 90,
      "uvlock": true
    },
    "facing=east,half=upper,hinge=right,open=false": {
      "model": "minecraft:block/birch_door_top_right",
      "uvlock": true
    },
    "facing=east,half=upper,hinge=right,open=true": {
      "model": "minecraft:block/birch_door_top_right_open",
      "y": 270,
      "uvlock": true
    },
    "facing=south,half=lower,hinge=left,open=false": {
      "model": "minecraft:block/birch_door_bottom_left",
      "y": 90,
      "uvlock": true
    },
    "facing=south,half=lower,hinge=left,open=true": {
      "model": "minecraft:block/birch_door_bottom_left_open",
      "y": 180,
      "uvlock": true
    },
    "facing=south,half=lower,hinge=right,open=false": {
      "model": "minecraft:block/birch_door_bottom_right",
      "y": 90,
      "uvlock": true
    },
    "facing=south,half=lower,hinge=right,open=true": {
      "model": "minecraft:block/birch_door_bottom_right_open",
      "uvlock": true
    },
    "facing=south,half=upper,hinge=left,open=false": {
      "model": "minecraft:block/birch_door_top_left",
      "y": 90,
      "uvlock": true
    },
    "facing=south,half=upper,hinge=left,open=true": {
      "model": "minecraft:block/birch_door_top_left_open",
      "y": 180,
      "uvlock": true
    },
    "facing=south,half=upper,hinge=right,open=false": {
      "model": "minecraft:block/birch_door_top_right",
      "y": 90,
      "uvlock": true
    },
    "facing=south,half=upper,hinge=right,open=true": {
      "model": "minecraft:block/birch_door_top_right_open",
      "uvlock": true
    },
    "facing=west,half=lower,hinge=left,open=false": {
      "model": "minecraft:block/birch_door_bottom_left",
      "y": 180,
      "uvlock": true
    },
    "facing=west,half=lower,hinge=left,open=true": {
      "model": "minecraft:block/birch_door_bottom_left_open",
      "y": 270,
      "uvlock": true
    },
    "facing=west,half=lower,hinge=right,open=false": {
      "model": "minecraft:block/birch_door_bottom_right",
      "y": 180,
      "uvlock": true
    },
    "facing=west,half=lower,hinge=right,open=true": {
      "model": "minecraft:block/birch_door_bottom_right_open",
      "y": 90,
      "uvlock": true
    },
    "facing=west,half=upper,hinge=left,open=false": {
      "model": "minecraft:block/birch_door_top_left",
      "y": 180,
      "uvlock": true
    },
    "facing=west,half=upper,hinge=left,open=true": {
      "model": "minecraft:block/birch_door_top_left_open",
      "y": 270,
      "uvlock": true
    },
    "facing=west,half=upper,hinge=right,open=false": {
      "model": "minecraft:block/birch_door_top_right",
      "y": 180,
      "uvlock": true
    },
    "facing=west,half=upper,hinge=right,open=true": {
      "model": "minecraft:block/birch_door_top_right_open",
      "y": 90,
      "uvlock": true
    },
    "facing=north,half=lower,hinge=left,open=false": {
      "model": "minecraft:block/birch_door_bottom_left",
      "y": 270,
      "uvlock": true
    },
    "facing=north,half=lower,hinge=left,open=true": {
      "model": "minecraft:block/birch_door_bottom_left_open",
      "uvlock": true
    },
    "facing=north,half=lower,hinge=right,open=false": {
      "model": "minecraft:block/birch_door_bottom_right",
      "y": 270,
      "uvlock": true
    },
    "facing=north,half=lower,hinge=right,open=true": {
      "model": "minecraft:block/birch_door_bottom_right_open",
      "y": 180,
      "uvlock": true
    },
    "facing=north,half=upper,hinge=left,open=false": {
      "model": "minecraft:block/birch_door_top_left",
      "y": 270,
      "uvlock": true
    },
    "facing=north,half=upper,hinge=left,open=true": {
      "model": "minecraft:block/birch_door_top_left_open",
      "uvlock": true
    },
    "facing=north,half=upper,hinge=right,open=false": {
      "model": "minecraft:block/birch_door_top_right",
      "y": 270,
      "uvlock": true
    },
    "facing=north,half=upper,hinge=right,open=true": {
      "model": "minecraft:block/birch_door_top_right_open",
      "y": 180,
      "uvlock": true
    }
  }
}