{
  "variants": {
    "facing=east": [
      { "model": "block/carved_pumpkin0", "y": 90 },
      { "model": "block/carved_pumpkin1", "y": 90 },
      { "model": "block/carved_pumpkin2", "y": 90 },
      { "model": "block/carved_pumpkin3", "y": 90 },
      { "model": "block/carved_pumpkin4", "y": 90 },
      { "model": "block/carved_pumpkin5", "y": 90 },
      { "model": "block/carved_pumpkin6", "y": 90 },
      { "model": "block/carved_pumpkin7", "y": 90 },
      { "model": "block/carved_pumpkin8", "y": 90 },
      { "model": "block/carved_pumpkin9", "y": 90 },
      { "model": "block/carved_pumpkin10", "y": 90 },
      { "model": "block/carved_pumpkin11", "y": 90 },
      { "model": "block/carved_pumpkin12", "y": 90 },
      { "model": "block/carved_pumpkin13", "y": 90 },
      { "model": "block/carved_pumpkin14", "y": 90 },
      { "model": "block/carved_pumpkin15", "y": 90 },
      { "model": "block/carved_pumpkin16", "y": 90 }
    ],

    "facing=north": [
      { "model": "block/carved_pumpkin0" },
      { "model": "block/carved_pumpkin1" },
      { "model": "block/carved_pumpkin2" },
      { "model": "block/carved_pumpkin3" },
      { "model": "block/carved_pumpkin4" },
      { "model": "block/carved_pumpkin5" },
      { "model": "block/carved_pumpkin6" },
      { "model": "block/carved_pumpkin7" },
      { "model": "block/carved_pumpkin8" },
      { "model": "block/carved_pumpkin9" },
      { "model": "block/carved_pumpkin10" },
      { "model": "block/carved_pumpkin11" },
      { "model": "block/carved_pumpkin12" },
      { "model": "block/carved_pumpkin13" },
      { "model": "block/carved_pumpkin14" },
      { "model": "block/carved_pumpkin15" },
      { "model": "block/carved_pumpkin16" }
    ],

    "facing=south": [
      { "model": "block/carved_pumpkin0", "y": 180 },
      { "model": "block/carved_pumpkin1", "y": 180 },
      { "model": "block/carved_pumpkin2", "y": 180 },
      { "model": "block/carved_pumpkin3", "y": 180 },
      { "model": "block/carved_pumpkin4", "y": 180 },
      { "model": "block/carved_pumpkin5", "y": 180 },
      { "model": "block/carved_pumpkin6", "y": 180 },
      { "model": "block/carved_pumpkin7", "y": 180 },
      { "model": "block/carved_pumpkin8", "y": 180 },
      { "model": "block/carved_pumpkin9", "y": 180 },
      { "model": "block/carved_pumpkin10", "y": 180 },
      { "model": "block/carved_pumpkin11", "y": 180 },
      { "model": "block/carved_pumpkin12", "y": 180 },
      { "model": "block/carved_pumpkin13", "y": 180 },
      { "model": "block/carved_pumpkin14", "y": 180 },
      { "model": "block/carved_pumpkin15", "y": 180 },
      { "model": "block/carved_pumpkin16", "y": 180 }
    ],

    "facing=west": [
      { "model": "block/carved_pumpkin0", "y": 270 },
      { "model": "block/carved_pumpkin1", "y": 270 },
      { "model": "block/carved_pumpkin2", "y": 270 },
      { "model": "block/carved_pumpkin3", "y": 270 },
      { "model": "block/carved_pumpkin4", "y": 270 },
      { "model": "block/carved_pumpkin5", "y": 270 },
      { "model": "block/carved_pumpkin6", "y": 270 },
      { "model": "block/carved_pumpkin7", "y": 270 },
      { "model": "block/carved_pumpkin8", "y": 270 },
      { "model": "block/carved_pumpkin9", "y": 270 },
      { "model": "block/carved_pumpkin10", "y": 270 },
      { "model": "block/carved_pumpkin11", "y": 270 },
      { "model": "block/carved_pumpkin12", "y": 270 },
      { "model": "block/carved_pumpkin13", "y": 270 },
      { "model": "block/carved_pumpkin14", "y": 270 },
      { "model": "block/carved_pumpkin15", "y": 270 },
      { "model": "block/carved_pumpkin16", "y": 270 }
    ]

  }
}