{
	"credit": "Created by Mickey Joe Alpha - http://YouTube.com/@MushirMickeyJoe",
	"parent": "block/block",
	"ambientocclusion": false,
	"textures": {
		"particle": "block/lily_pad_0"
	},
	"elements": [
		{
			"from": [1, -0.75, 1],
			"to": [14, -0.749, 15],
			"rotation": {"angle": 0, "axis": "y", "origin": [0, -1, 0]},
			"faces": {
				"up": {"uv": [16, 2, 3, 16], "texture": "#particle", "tintindex": 0},
				"down": {"uv": [16, 16, 3, 2], "texture": "#particle", "tintindex": 0}
			}
		},
		{
			"from": [8, -14.75, 7],
			"to": [8, -0.749, 10],
			"rotation": {"angle": 0, "axis": "y", "origin": [0, -2, 2]},
			"faces": {
				"east": {"uv": [0, 2, 3, 16], "texture": "#particle", "tintindex": 0},
				"west": {"uv": [3, 2, 0, 16], "texture": "#particle", "tintindex": 0}
			}
		}
	]
}