{
	"format_version": "1.21.6",
	"credit": "Created by Mickey Joe Alpha - http://YouTube.com/@MushirMickeyJoe",
	"parent": "block/block",
	"ambientocclusion": false,
	"texture_size": [32, 32],
	"textures": {
		"particle": "block/pitcher_crop_bell",
		"leaves": "block/pitcher_crop_top_stage_3"
	},
	"elements": [
		{
			"from": [4.1, -7.1, 4.4],
			"to": [12.1, 8.9, 12.4],
			"rotation": {"angle": 5, "axis": "x", "origin": [7.1, 8.9, 12.4]},
			"faces": {
				"north": {"uv": [4, 0, 8, 8], "texture": "#particle"},
				"east": {"uv": [12, 0, 8, 8], "texture": "#particle"},
				"south": {"uv": [0, 0, 4, 8], "texture": "#particle"},
				"west": {"uv": [8, 0, 12, 8], "texture": "#particle"},
				"down": {"uv": [16, 4, 12, 8], "texture": "#particle"}
			}
		},
		{
			"from": [8.1, -7.1, 12.4],
			"to": [8.1, 4.9, 16.4],
			"shade": false,
			"rotation": {"angle": 5, "axis": "x", "origin": [7.1, 8.9, 12.4]},
			"faces": {
				"east": {"uv": [14.5, 10, 12.5, 16], "texture": "#leaves"},
				"west": {"uv": [12.5, 10, 14.5, 16], "texture": "#leaves"}
			}
		},
		{
			"from": [1.1, -7.1, 10.4],
			"to": [15.1, 2.9, 10.4],
			"shade": false,
			"rotation": {"angle": 5, "axis": "x", "origin": [7.1, 8.9, 12.4]},
			"faces": {
				"north": {"uv": [7, 11, 14, 16], "texture": "#leaves"},
				"south": {"uv": [14, 11, 7, 16], "texture": "#leaves"}
			}
		},
		{
			"from": [12.1, 8.9, 12.4],
			"to": [4.1, -5, 4.4],
			"rotation": {"angle": 5, "axis": "x", "origin": [7.1, 8.9, 12.4]},
			"faces": {
				"north": {"uv": [8.5, 15, 4.5, 8], "texture": "#particle"},
				"east": {"uv": [12.5, 15, 8.5, 8], "texture": "#particle"},
				"south": {"uv": [12, 15, 16, 8], "texture": "#particle"},
				"west": {"uv": [8.5, 15, 12.5, 8], "texture": "#particle"},
				"up": {"uv": [12, 0, 16, 4], "texture": "#particle"}
			}
		},
		{
			"from": [3.6, 8.9, 2.4],
			"to": [12.6, 8.9, 15.4],
			"rotation": {"angle": 27.5, "axis": "x", "origin": [7.1, 8.9, 12.4]},
			"faces": {
				"up": {"uv": [4.5, 14.5, 0, 8], "texture": "#particle"},
				"down": {"uv": [4.5, 8, 0, 14.5], "texture": "#particle"}
			}
		}
	],
	"gui_light": "front",
	"display": {
		"gui": {
			"rotation": [30, -135, 0],
			"translation": [0, 3.75, 0],
			"scale": [0.625, 0.625, 0.625]
		}
	}
}