{
	"credit": "Created by Mickey Joe Alpha - http://YouTube.com/@MushirMickeyJoe",
	"ambientocclusion": false,
	"textures": {
		"plant": "block/allium",
		"particle": "block/flower_pot"
	},
	"elements": [
		{
			"from": [7.99893, 4, 4.99741],
			"to": [7.99893, 12, 10.99741],
			"shade": false,
			"rotation": {"angle": -45, "axis": "y", "origin": [8, 4, 8]},
			"faces": {
				"east": {"uv": [8, 8, 14, 16], "texture": "#plant"},
				"west": {"uv": [8, 8, 14, 16], "texture": "#plant"}
			}
		},
		{
			"from": [5.04893, 4, 7.99741],
			"to": [11.04893, 12, 7.99741],
			"shade": false,
			"rotation": {"angle": -45, "axis": "y", "origin": [8, 4, 8]},
			"faces": {
				"north": {"uv": [8, 8, 14, 16], "texture": "#plant"},
				"south": {"uv": [8, 8, 14, 16], "texture": "#plant"}
			}
		},
		{
			"from": [5.5, 12, 5.5],
			"to": [10.5, 17, 10.5],
			"rotation": {"angle": 0, "axis": "y", "origin": [8, 4, 8]},
			"faces": {
				"north": {"uv": [0, 5, 5, 10], "texture": "#plant"},
				"east": {"uv": [5, 5, 0, 10], "texture": "#plant"},
				"south": {"uv": [0, 5, 5, 10], "texture": "#plant"},
				"west": {"uv": [5, 5, 0, 10], "texture": "#plant"},
				"up": {"uv": [5, 5, 0, 0], "texture": "#plant"},
				"down": {"uv": [5, 10, 0, 15], "texture": "#plant"}
			}
		},
		{
			"from": [5.5, 11, 5.5],
			"to": [10.5, 12, 10.5],
			"rotation": {"angle": 0, "axis": "y", "origin": [8, 4, 8]},
			"faces": {
				"north": {"uv": [5, 0, 10, 1], "texture": "#plant"},
				"east": {"uv": [10, 0, 5, 1], "texture": "#plant"},
				"south": {"uv": [5, 0, 10, 1], "texture": "#plant"},
				"west": {"uv": [10, 0, 5, 1], "texture": "#plant"}
			}
		}
	]
}