{
	"format_version": "1.21.6",
	"credit": "Created by Mickey Joe Alpha - http://YouTube.com/@MushirMickeyJoe",
	"ambientocclusion": false,
	"textures": {
		"particle": "block/dandelion/dandelion_0"
	},
	"elements": [
		{
			"from": [5.025, 4, 7.975],
			"to": [11.025, 13, 7.975],
			"shade": false,
			"rotation": {"angle": 11.25, "axis": "x", "origin": [8.025, 4, 7]},
			"faces": {
				"north": {"uv": [10, 7, 16, 16], "texture": "#particle"},
				"south": {"uv": [10, 7, 16, 16], "texture": "#particle"}
			}
		},
		{
			"from": [8.025, 4, 5.025],
			"to": [8.025, 13, 11.025],
			"shade": false,
			"rotation": {"angle": 11.25, "axis": "x", "origin": [8.025, 4, 7]},
			"faces": {
				"east": {"uv": [10, 7, 16, 16], "texture": "#particle"},
				"west": {"uv": [10, 7, 16, 16], "texture": "#particle"}
			}
		},
		{
			"from": [5.75, 8.61031, 7.11672],
			"to": [10.25, 13.11031, 11.61672],
			"rotation": {"angle": 5.63, "axis": "x", "origin": [8, 10.86031, 9.36672]},
			"faces": {
				"north": {"uv": [10, 2, 14, 6], "texture": "#particle"},
				"east": {"uv": [10, 2, 14, 6], "texture": "#particle"},
				"south": {"uv": [10, 2, 14, 6], "texture": "#particle"},
				"west": {"uv": [10, 2, 14, 6], "texture": "#particle"},
				"up": {"uv": [14, 4, 10, 0], "texture": "#particle"},
				"down": {"uv": [14, 2, 10, 6], "texture": "#particle"}
			}
		},
		{
			"from": [6, 9.88064, 7.17608],
			"to": [10, 11.88064, 11.17608],
			"shade": false,
			"rotation": {"angle": 22.5, "axis": "x", "origin": [8, 9.9108, 8.19396]},
			"faces": {
				"north": {"uv": [6, 4, 10, 6], "texture": "#particle"},
				"east": {"uv": [6, 4, 10, 6], "texture": "#particle"},
				"south": {"uv": [6, 4, 10, 6], "texture": "#particle"},
				"west": {"uv": [6, 4, 10, 6], "texture": "#particle"},
				"down": {"uv": [6, 0, 10, 4], "texture": "#particle"}
			}
		},
		{
			"from": [5, 11.88064, 6.17608],
			"to": [11, 11.88064, 12.17608],
			"shade": false,
			"rotation": {"angle": 22.5, "axis": "x", "origin": [8, 9.9108, 8.19396]},
			"faces": {
				"up": {"uv": [0, 0, 6, 6], "texture": "#particle"},
				"down": {"uv": [6, 0, 0, 6], "texture": "#particle"}
			}
		}
	]
}