{
  "credit": "Made with Blockbench",
  "parent": "block/block",
  "textures": {
    "0": "#0",
    "1": "#1",
    "2": "#2"
  },
  "elements": [
    {
      "from": [
        4,
        0,
        4
      ],
      "to": [
        12,
        4,
        12
      ],
      "faces": {
        "north": {
          "uv": [
            4,
            12,
            12,
            16
          ],
          "texture": "#2"
        },
        "east": {
          "uv": [
            4,
            12,
            12,
            16
          ],
          "texture": "#2"
        },
        "south": {
          "uv": [
            4,
            12,
            12,
            16
          ],
          "texture": "#2"
        },
        "west": {
          "uv": [
            4,
            12,
            12,
            16
          ],
          "texture": "#2"
        },
        "up": {
          "uv": [
            4,
            4,
            12,
            12
          ],
          "texture": "#2"
        },
        "down": {
          "uv": [
            4,
            4,
            12,
            12
          ],
          "texture": "#2",
          "cullface": "down"
        }
      }
    },
    {
      "from": [
        4.5,
        4,
        4.5
      ],
      "to": [
        11.5,
        12,
        11.5
      ],
      "faces": {
        "north": {
          "uv": [
            4,
            2,
            11,
            10
          ],
          "texture": "#0"
        },
        "east": {
          "uv": [
            4.95,
            2,
            11.05,
            12
          ],
          "texture": "#0"
        },
        "south": {
          "uv": [
            4,
            2,
            11,
            10
          ],
          "texture": "#0"
        },
        "west": {
          "uv": [
            4.95,
            2,
            11.05,
            12
          ],
          "texture": "#0"
        }
      }
    },
    {
      "from": [
        4,
        12,
        4
      ],
      "to": [
        12,
        16,
        12
      ],
      "faces": {
        "north": {
          "uv": [
            4,
            0,
            12,
            4.05
          ],
          "texture": "#2"
        },
        "east": {
          "uv": [
            4,
            0,
            12,
            4.05
          ],
          "texture": "#2"
        },
        "south": {
          "uv": [
            4,
            0,
            12,
            4.05
          ],
          "texture": "#2"
        },
        "west": {
          "uv": [
            4,
            0,
            12,
            4.05
          ],
          "texture": "#2"
        },
        "up": {
          "uv": [
            4,
            4,
            12,
            12
          ],
          "texture": "#2",
          "cullface": "up"
        },
        "down": {
          "uv": [
            4,
            4,
            12,
            12
          ],
          "texture": "#2"
        }
      }
    },
    {
      "from": [
        5.75,
        16,
        5.75
      ],
      "to": [
        10.25,
        18,
        10.25
      ],
      "faces": {
        "north": {
          "uv": [
            6,
            1,
            10,
            3
          ],
          "texture": "#0",
          "cullface": "up"
        },
        "east": {
          "uv": [
            6,
            1,
            10,
            3
          ],
          "texture": "#0",
          "cullface": "up"
        },
        "south": {
          "uv": [
            6,
            1,
            10,
            3
          ],
          "texture": "#0",
          "cullface": "up"
        },
        "west": {
          "uv": [
            6,
            1,
            10,
            3
          ],
          "texture": "#0",
          "cullface": "up"
        },
        "up": {
          "uv": [
            6,
            6,
            10,
            10
          ],
          "texture": "#2",
          "cullface": "up"
        }
      }
    },
    {
      "from": [
        5,
        0,
        0
      ],
      "to": [
        11,
        14,
        16
      ],
      "faces": {
        "north": {
          "uv": [
            5,
            2,
            11,
            16
          ],
          "texture": "#1"
        },
        "east": {
          "uv": [
            0,
            2,
            16,
            16
          ],
          "texture": "#1"
        },
        "south": {
          "uv": [
            5,
            2,
            11,
            16
          ],
          "texture": "#1"
        },
        "west": {
          "uv": [
            0,
            2,
            16,
            16
          ],
          "texture": "#1"
        },
        "up": {
          "uv": [
            5,
            0,
            11,
            8
          ],
          "texture": "#2"
        },
        "down": {
          "uv": [
            5,
            8,
            11,
            16
          ],
          "texture": "#2",
          "cullface": "down"
        }
      }
    }
  ]
}