{
	"format_version": "1.21.6",
	"credit": "Created by Mickey Joe Alpha - http://YouTube.com/@MushirMickeyJoe",
	"ambientocclusion": false,
	"textures": {
		"particle": "block/sunflower/sunflower_back"
	},
	"elements": [
		{
			"from": [8.20888, 9.75, -1.95],
			"to": [16.20888, 9.75, 7.05],
			"shade": false,
			"rotation": {"angle": -45, "axis": "z", "origin": [8.20888, 9.75, 7.05]},
			"faces": {
				"up": {"uv": [8, 0, 16, 9], "rotation": 180, "texture": "#particle"},
				"down": {"uv": [8, 9, 16, 0], "rotation": 180, "texture": "#particle"}
			}
		}
	]
}