{
  "credit": "Made with Blockbench",
  "textures": {
    "particle": "custom_server_pack:block/fence/fence_birch"
  },
  "elements": [
    {
      "from": [
        7,
        9,
        0
      ],
      "to": [
        9,
        11,
        9
      ],
      "faces": {
        "north": {
          "uv": [
            11,
            2,
            13,
            4
          ],
          "texture": "#particle"
        },
        "east": {
          "uv": [
            0.5,
            5,
            9.5,
            7
          ],
          "texture": "#particle"
        },
        "west": {
          "uv": [
            9.5,
            5,
            0.5,
            7
          ],
          "texture": "#particle"
        },
        "up": {
          "uv": [
            0.5,
            5,
            9.5,
            7
          ],
          "rotation": 270,
          "texture": "#particle"
        },
        "down": {
          "uv": [
            0.5,
            7,
            9.5,
            5
          ],
          "rotation": 90,
          "texture": "#particle"
        }
      }
    },
    {
      "from": [
        7,
        1,
        0
      ],
      "to": [
        9,
        3,
        9
      ],
      "faces": {
        "north": {
          "uv": [
            11,
            2,
            13,
            4
          ],
          "texture": "#particle"
        },
        "east": {
          "uv": [
            0.5,
            13,
            9.5,
            15
          ],
          "texture": "#particle"
        },
        "west": {
          "uv": [
            9.5,
            13,
            0.5,
            15
          ],
          "texture": "#particle"
        },
        "up": {
          "uv": [
            0.5,
            13,
            9.5,
            15
          ],
          "rotation": 270,
          "texture": "#particle"
        },
        "down": {
          "uv": [
            0.5,
            15,
            9.5,
            13
          ],
          "rotation": 90,
          "texture": "#particle"
        }
      }
    },
    {
      "from": [
        7.5,
        0,
        0.5
      ],
      "to": [
        8.5,
        14,
        2.5
      ],
      "faces": {
        "north": {
          "uv": [
            2,
            2,
            3,
            16
          ],
          "texture": "#particle"
        },
        "east": {
          "uv": [
            1,
            2,
            3,
            16
          ],
          "texture": "#particle"
        },
        "south": {
          "uv": [
            1,
            2,
            2,
            16
          ],
          "texture": "#particle"
        },
        "west": {
          "uv": [
            3,
            2,
            1,
            16
          ],
          "texture": "#particle"
        },
        "up": {
          "uv": [
            3,
            2,
            1,
            3
          ],
          "rotation": 90,
          "texture": "#particle"
        },
        "down": {
          "uv": [
            1,
            15,
            3,
            16
          ],
          "rotation": 90,
          "texture": "#particle"
        }
      }
    },
    {
      "from": [
        7.5,
        0,
        3.5
      ],
      "to": [
        8.5,
        15,
        5.5
      ],
      "faces": {
        "north": {
          "uv": [
            5,
            1,
            6,
            16
          ],
          "texture": "#particle"
        },
        "east": {
          "uv": [
            4,
            1,
            6,
            16
          ],
          "texture": "#particle"
        },
        "south": {
          "uv": [
            4,
            1,
            5,
            16
          ],
          "texture": "#particle"
        },
        "west": {
          "uv": [
            6,
            1,
            4,
            16
          ],
          "texture": "#particle"
        },
        "up": {
          "uv": [
            6,
            1,
            4,
            2
          ],
          "rotation": 90,
          "texture": "#particle"
        },
        "down": {
          "uv": [
            4,
            15,
            6,
            16
          ],
          "rotation": 90,
          "texture": "#particle"
        }
      }
    }
  ]
}