{
  "credit": "Made with Blockbench",
  "textures": {
    "particle": "custom_server_pack:block/fence/fence_birch"
  },
  "elements": [
    {
      "from": [
        6.5,
        0,
        6.5
      ],
      "to": [
        9.5,
        16,
        9.5
      ],
      "faces": {
        "north": {
          "uv": [
            7,
            0,
            10,
            16
          ],
          "texture": "#particle"
        },
        "east": {
          "uv": [
            7,
            0,
            10,
            16
          ],
          "texture": "#particle"
        },
        "south": {
          "uv": [
            7,
            0,
            10,
            16
          ],
          "texture": "#particle"
        },
        "west": {
          "uv": [
            7,
            0,
            10,
            16
          ],
          "texture": "#particle"
        },
        "up": {
          "uv": [
            10,
            7,
            13,
            10
          ],
          "texture": "#particle",
          "cullface": "up"
        },
        "down": {
          "uv": [
            13,
            10,
            16,
            13
          ],
          "texture": "#particle",
          "cullface": "down"
        }
      }
    }
  ]
}