{
  "credit": "Made with Blockbench",
  "textures": {
    "particle": "#texture"
  },
  "elements": [
    {
      "from": [
        6,
        0,
        6
      ],
      "to": [
        10,
        16,
        10
      ],
      "faces": {
        "north": {
          "uv": [
            6,
            0,
            10,
            16
          ],
          "texture": "#texture"
        },
        "east": {
          "uv": [
            6,
            0,
            10,
            16
          ],
          "texture": "#texture"
        },
        "south": {
          "uv": [
            6,
            0,
            10,
            16
          ],
          "texture": "#texture"
        },
        "west": {
          "uv": [
            6,
            0,
            10,
            16
          ],
          "texture": "#texture"
        },
        "up": {
          "uv": [
            1,
            11,
            5,
            15
          ],
          "texture": "#texture"
        },
        "down": {
          "uv": [
            11,
            11,
            15,
            15
          ],
          "texture": "#texture"
        }
      }
    }
  ]
}