{
  "credit": "Made with Blockbench",
  "textures": {
    "particle": "#texture"
  },
  "elements": [
    {
      "from": [
        7,
        12,
        0
      ],
      "to": [
        9,
        15,
        9
      ],
      "faces": {
        "north": {
          "uv": [
            7,
            1,
            9,
            4
          ],
          "texture": "#texture"
        },
        "east": {
          "uv": [
            7,
            1,
            16,
            4
          ],
          "texture": "#texture"
        },
        "west": {
          "uv": [
            0,
            1,
            9,
            4
          ],
          "texture": "#texture"
        },
        "up": {
          "uv": [
            7,
            5,
            16,
            7
          ],
          "rotation": 270,
          "texture": "#texture"
        },
        "down": {
          "uv": [
            0,
            5,
            9,
            7
          ],
          "rotation": 270,
          "texture": "#texture"
        }
      }
    },
    {
      "from": [
        7,
        6,
        0
      ],
      "to": [
        9,
        9,
        9
      ],
      "faces": {
        "north": {
          "uv": [
            7,
            7,
            9,
            10
          ],
          "texture": "#texture"
        },
        "east": {
          "uv": [
            7,
            7,
            16,
            10
          ],
          "texture": "#texture"
        },
        "west": {
          "uv": [
            0,
            7,
            9,
            10
          ],
          "texture": "#texture"
        },
        "up": {
          "uv": [
            7,
            5,
            16,
            7
          ],
          "rotation": 270,
          "texture": "#texture"
        },
        "down": {
          "uv": [
            0,
            5,
            9,
            7
          ],
          "rotation": 270,
          "texture": "#texture"
        }
      }
    }
  ]
}