{
  "textures": {
    "particle": "custom_server_pack:block/granite"
  },
  "elements": [
    {
      "name": "Center post",
      "from": [
        4,
        0,
        4
      ],
      "to": [
        12,
        4,
        12
      ],
      "faces": {
        "north": {
          "uv": [
            4,
            12,
            12,
            16
          ],
          "texture": "#particle"
        },
        "east": {
          "uv": [
            4,
            12,
            12,
            16
          ],
          "texture": "#particle"
        },
        "south": {
          "uv": [
            4,
            12,
            12,
            16
          ],
          "texture": "#particle"
        },
        "west": {
          "uv": [
            4,
            12,
            12,
            16
          ],
          "texture": "#particle"
        },
        "up": {
          "uv": [
            4,
            4,
            12,
            12
          ],
          "texture": "#particle"
        },
        "down": {
          "uv": [
            4,
            4,
            12,
            12
          ],
          "texture": "#particle",
          "cullface": "down"
        }
      }
    },
    {
      "name": "Center post",
      "from": [
        4.95,
        4,
        4.95
      ],
      "to": [
        11.05,
        14,
        11.05
      ],
      "faces": {
        "north": {
          "uv": [
            4.95,
            2,
            11.05,
            12
          ],
          "texture": "#particle"
        },
        "east": {
          "uv": [
            4.95,
            2,
            11.05,
            12
          ],
          "texture": "#particle"
        },
        "south": {
          "uv": [
            4.95,
            2,
            11.05,
            12
          ],
          "texture": "#particle"
        },
        "west": {
          "uv": [
            4.95,
            2,
            11.05,
            12
          ],
          "texture": "#particle"
        }
      }
    },
    {
      "name": "Center post",
      "from": [
        4,
        11.95,
        4
      ],
      "to": [
        12,
        16,
        12
      ],
      "faces": {
        "north": {
          "uv": [
            4,
            0,
            12,
            4.05
          ],
          "texture": "#particle"
        },
        "east": {
          "uv": [
            4,
            0,
            12,
            4.05
          ],
          "texture": "#particle"
        },
        "south": {
          "uv": [
            4,
            0,
            12,
            4.05
          ],
          "texture": "#particle"
        },
        "west": {
          "uv": [
            4,
            0,
            12,
            4.05
          ],
          "texture": "#particle"
        },
        "up": {
          "uv": [
            4,
            4,
            12,
            12
          ],
          "texture": "#particle",
          "cullface": "up"
        },
        "down": {
          "uv": [
            4,
            4,
            12,
            12
          ],
          "texture": "#particle"
        }
      }
    }
  ]
}