{
  "textures": {
    "particle": "custom_server_pack:block/granite"
  },
  "elements": [
    {
      "from": [
        5,
        0,
        0
      ],
      "to": [
        11,
        3,
        8
      ],
      "faces": {
        "north": {
          "uv": [
            5,
            0,
            11,
            3
          ],
          "texture": "#particle",
          "cullface": "north"
        },
        "east": {
          "uv": [
            11,
            8,
            14,
            16
          ],
          "rotation": 90,
          "texture": "#particle"
        },
        "west": {
          "uv": [
            2,
            8,
            5,
            16
          ],
          "rotation": 270,
          "texture": "#particle"
        },
        "up": {
          "uv": [
            5,
            8,
            11,
            16
          ],
          "texture": "#particle"
        },
        "down": {
          "uv": [
            5,
            8,
            11,
            16
          ],
          "rotation": 180,
          "texture": "#particle"
        }
      }
    },
    {
      "from": [
        5,
        12,
        0
      ],
      "to": [
        11,
        14,
        8
      ],
      "faces": {
        "north": {
          "uv": [
            5,
            0,
            11,
            2
          ],
          "rotation": 180,
          "texture": "#particle",
          "cullface": "north"
        },
        "east": {
          "uv": [
            11,
            8,
            13,
            16
          ],
          "rotation": 90,
          "texture": "#particle"
        },
        "west": {
          "uv": [
            3,
            8,
            5,
            16
          ],
          "rotation": 270,
          "texture": "#particle"
        },
        "up": {
          "uv": [
            5,
            8,
            11,
            16
          ],
          "texture": "#particle"
        },
        "down": {
          "uv": [
            5,
            8,
            11,
            16
          ],
          "rotation": 180,
          "texture": "#particle"
        }
      }
    },
    {
      "from": [
        7,
        3,
        5
      ],
      "to": [
        9,
        12,
        7
      ],
      "faces": {
        "north": {
          "uv": [
            14,
            5,
            16,
            14
          ],
          "texture": "#particle"
        },
        "east": {
          "uv": [
            12,
            5,
            14,
            14
          ],
          "texture": "#particle"
        },
        "south": {
          "uv": [
            10,
            5,
            12,
            14
          ],
          "texture": "#particle"
        },
        "west": {
          "uv": [
            8,
            5,
            10,
            14
          ],
          "texture": "#particle"
        }
      }
    },
    {
      "from": [
        7,
        3,
        1
      ],
      "to": [
        9,
        12,
        3
      ],
      "faces": {
        "north": {
          "uv": [
            6,
            5,
            8,
            14
          ],
          "texture": "#particle"
        },
        "east": {
          "uv": [
            4,
            5,
            6,
            14
          ],
          "texture": "#particle"
        },
        "south": {
          "uv": [
            2,
            5,
            4,
            14
          ],
          "texture": "#particle"
        },
        "west": {
          "uv": [
            0,
            5,
            2,
            14
          ],
          "texture": "#particle"
        }
      }
    }
  ]
}