{
  "textures": {
    "particle": "#side"
  },
  "elements": [
    {
      "from": [
        8,
        0,
        0
      ],
      "to": [
        16,
        8,
        8
      ],
      "faces": {
        "north": {
          "uv": [
            0,
            8,
            8,
            16
          ],
          "texture": "#side",
          "cullface": "north"
        },
        "east": {
          "uv": [
            8,
            8,
            16,
            16
          ],
          "texture": "#side",
          "cullface": "east"
        },
        "up": {
          "uv": [
            8,
            0,
            16,
            8
          ],
          "texture": "#top"
        },
        "down": {
          "uv": [
            8,
            8,
            16,
            16
          ],
          "texture": "#bottom",
          "cullface": "down"
        }
      }
    },
    {
      "from": [
        0,
        0,
        0
      ],
      "to": [
        8,
        8,
        16
      ],
      "faces": {
        "north": {
          "uv": [
            8,
            8,
            16,
            16
          ],
          "texture": "#side",
          "cullface": "north"
        },
        "south": {
          "uv": [
            0,
            8,
            8,
            16
          ],
          "texture": "#side",
          "cullface": "south"
        },
        "west": {
          "uv": [
            0,
            8,
            16,
            16
          ],
          "texture": "#side",
          "cullface": "west"
        },
        "up": {
          "uv": [
            0,
            0,
            8,
            16
          ],
          "texture": "#top"
        },
        "down": {
          "uv": [
            0,
            0,
            8,
            16
          ],
          "texture": "#bottom",
          "cullface": "down"
        }
      }
    },
    {
      "from": [
        8,
        0,
        8
      ],
      "to": [
        16,
        16,
        16
      ],
      "faces": {
        "north": {
          "uv": [
            0,
            0,
            8,
            16
          ],
          "texture": "#side"
        },
        "east": {
          "uv": [
            0,
            0,
            8,
            16
          ],
          "texture": "#side",
          "cullface": "east"
        },
        "south": {
          "uv": [
            8,
            0,
            16,
            16
          ],
          "texture": "#side",
          "cullface": "south"
        },
        "west": {
          "uv": [
            8,
            0,
            16,
            16
          ],
          "texture": "#side"
        },
        "up": {
          "uv": [
            8,
            8,
            16,
            16
          ],
          "texture": "#top",
          "cullface": "up"
        },
        "down": {
          "uv": [
            8,
            0,
            16,
            8
          ],
          "texture": "#bottom",
          "cullface": "down"
        }
      }
    }
  ]
}