{
  "credit": "Made with Blockbench",
  "textures": {
    "0": "#0",
    "1": "#1",
    "particle": "#0"
  },
  "elements": [
    {
      "from": [
        5,
        0,
        0
      ],
      "to": [
        11,
        14,
        8
      ],
      "faces": {
        "north": {
          "uv": [
            5,
            2,
            11,
            16
          ],
          "texture": "#0"
        },
        "east": {
          "uv": [
            8,
            2,
            16,
            16
          ],
          "texture": "#0"
        },
        "west": {
          "uv": [
            0,
            2,
            8,
            16
          ],
          "texture": "#0"
        },
        "up": {
          "uv": [
            5,
            0,
            11,
            8
          ],
          "texture": "#1"
        },
        "down": {
          "uv": [
            5,
            8,
            11,
            16
          ],
          "texture": "#1",
          "cullface": "down"
        }
      }
    }
  ]
}