{
	"credit": "Created by Mickey Joe Alpha - http://YouTube.com/@MushirMickeyJoe",
	"ambientocclusion": false,
	"textures": {
		"particle": "block/eyeblossom"
	},
	"elements": [
		{
			"from": [8, 0, 4],
			"to": [8, 10, 12],
			"shade": false,
			"rotation": {"angle": -45, "axis": "y", "origin": [8.025, 5.5, 8]},
			"faces": {
				"east": {"uv": [8, 6, 16, 16], "texture": "#particle"},
				"west": {"uv": [8, 6, 16, 16], "texture": "#particle"}
			}
		},
		{
			"from": [4.05, 0, 8],
			"to": [12.05, 10, 8],
			"shade": false,
			"rotation": {"angle": -45, "axis": "y", "origin": [8.025, 5.5, 8]},
			"faces": {
				"north": {"uv": [8, 6, 16, 16], "texture": "#particle"},
				"south": {"uv": [8, 6, 16, 16], "texture": "#particle"}
			}
		},
		{
			"from": [6.25, 8, 6],
			"to": [9.25, 13, 9],
			"shade": false,
			"rotation": {"angle": -45, "axis": "y", "origin": [7.25, 9, 8]},
			"faces": {
				"north": {"uv": [0, 11, 3, 16], "texture": "#particle"},
				"east": {"uv": [0, 11, 3, 16], "texture": "#particle"},
				"south": {"uv": [0, 11, 3, 16], "texture": "#particle"},
				"west": {"uv": [0, 11, 3, 16], "texture": "#particle"},
				"up": {"uv": [3, 11, 0, 8], "texture": "#particle"},
				"down": {"uv": [6, 13, 3, 16], "texture": "#particle"}
			}
		},
		{
			"from": [9.45711, 13, 9.5],
			"to": [6.45711, 8, 6.5],
			"shade": false,
			"rotation": {"angle": -45, "axis": "y", "origin": [7.95711, 10.5, 8]},
			"faces": {
				"north": {"uv": [0, 16, 3, 11], "texture": "#particle"},
				"east": {"uv": [0, 16, 3, 11], "texture": "#particle"},
				"south": {"uv": [0, 16, 3, 11], "texture": "#particle"},
				"west": {"uv": [0, 16, 3, 11], "texture": "#particle"},
				"up": {"uv": [6, 16, 3, 13], "texture": "#particle"},
				"down": {"uv": [3, 8, 0, 11], "texture": "#particle"}
			}
		}
	],
	"gui_light": "front",
	"display": {
		"thirdperson_righthand": {
			"translation": [0, 7.25, 1.75]
		},
		"thirdperson_lefthand": {
			"translation": [0, 7.25, 1.75]
		},
		"firstperson_righthand": {
			"rotation": [-1, 124, -1],
			"translation": [2.63, 4.95, 0.63],
			"scale": [0.68, 0.68, 0.68]
		},
		"firstperson_lefthand": {
			"rotation": [-1, 124, -1],
			"translation": [2.63, 4.95, 0.63],
			"scale": [0.68, 0.68, 0.68]
		},
		"ground": {
			"translation": [0, 3, 0],
			"scale": [0.5, 0.5, 0.5]
		},
		"gui": {
			"rotation": [159, -31, 127],
			"translation": [-1.25, 1.5, 0],
			"scale": [1.5, 1.5, 1.5]
		},
		"head": {
			"rotation": [-45, 0, -90],
			"translation": [5.25, -4.25, -7.5]
		},
		"fixed": {
			"rotation": [-24, 0, 0],
			"translation": [0, 5, -5.5],
			"scale": [2, 2, 2]
		}
	}
}