{
	"format_version": "1.21.6",
	"credit": "Created by Mickey Joe Alpha - http://YouTube.com/@MushirMickeyJoe",
	"texture_size": [32, 32],
	"textures": {
		"particle": "block/rose_bush/rose_bush"
	},
	"elements": [
		{
			"from": [-2.95, 0, 6.05],
			"to": [20.05, 16, 6.05],
			"shade": false,
			"rotation": {"angle": -5, "axis": "x", "origin": [8.05, 0, 6.05]},
			"faces": {
				"north": {"uv": [0, 8, 11.5, 16], "texture": "#particle"},
				"south": {"uv": [11.5, 8, 0, 16], "texture": "#particle"}
			}
		},
		{
			"from": [-3.95, 0, 10.05],
			"to": [19.05, 16, 10.05],
			"shade": false,
			"rotation": {"angle": 5, "axis": "x", "origin": [7.05, 0, 10.05]},
			"faces": {
				"north": {"uv": [11.5, 8, 0, 16], "texture": "#particle"},
				"south": {"uv": [0, 8, 11.5, 16], "texture": "#particle"}
			}
		},
		{
			"from": [10.05, 0, -2.95],
			"to": [10.05, 16, 20.05],
			"shade": false,
			"rotation": {"angle": -5, "axis": "z", "origin": [10.05, 0, 8.55]},
			"faces": {
				"east": {"uv": [0, 8, 11.5, 16], "texture": "#particle"},
				"west": {"uv": [11.5, 8, 0, 16], "texture": "#particle"}
			}
		},
		{
			"from": [6.05, 0, -3.95],
			"to": [6.05, 16, 19.05],
			"shade": false,
			"rotation": {"angle": 5, "axis": "z", "origin": [6.05, 0, 8.05]},
			"faces": {
				"east": {"uv": [11.5, 8, 0, 16], "texture": "#particle"},
				"west": {"uv": [0, 8, 11.5, 16], "texture": "#particle"}
			}
		}
	]
}