{
	"credit": "Created by Mickey Joe Alpha - http://YouTube.com/@MushirMickeyJoe",
    "multipart": [
        {   "apply": { "model": "block/flower_pot" }
		},
        {   "apply": [
            { "model": "block/potted_dandelion_0" },
            { "model": "block/potted_dandelion_0", "y": 90 },
            { "model": "block/potted_dandelion_0", "y": 180 },
            { "model": "block/potted_dandelion_0", "y": 270 },
			{ "model": "block/potted_dandelion_1" },
            { "model": "block/potted_dandelion_1", "y": 90 },
            { "model": "block/potted_dandelion_1", "y": 180 },
            { "model": "block/potted_dandelion_1", "y": 270 }
			]
        }
    ]
}