{
	"credit": "Created by Mickey Joe Alpha - http://YouTube.com/@MushirMickeyJoe",
	"ambientocclusion": false,
	"textures": {
		"1": "block/lily_pad_flower",
		"particle": "block/lily_pad_0"
	},
	"elements": [
		{
			"from": [1.5, -0.5, 3],
			"to": [13.5, -0.499, 15],
			"rotation": {"angle": 45, "axis": "y", "origin": [7.5, -0.4995, 9]},
			"faces": {
				"up": {"uv": [13, 3, 0, 16], "rotation": 90, "texture": "#1"},
				"down": {"uv": [0, 3, 13, 16], "rotation": 90, "texture": "#1"}
			}
		},
		{
			"from": [6, -0.5, 10],
			"to": [9, -0.499, 15],
			"rotation": {"angle": -22.5, "axis": "x", "origin": [7.5, -0.4995, 10]},
			"faces": {
				"up": {"uv": [16, 0, 13, 5], "texture": "#1"},
				"down": {"uv": [13, 0, 16, 5], "rotation": 180, "texture": "#1"}
			}
		},
		{
			"from": [6, -0.5, 3],
			"to": [9, -0.499, 8],
			"rotation": {"angle": 22.5, "axis": "x", "origin": [7.5, -0.4995, 8]},
			"faces": {
				"up": {"uv": [16, 5, 13, 0], "texture": "#1"},
				"down": {"uv": [13, 5, 16, 0], "rotation": 180, "texture": "#1"}
			}
		},
		{
			"from": [8.05776, -0.80986, 7.5],
			"to": [13.05776, -0.80886, 10.5],
			"rotation": {"angle": 22.5, "axis": "z", "origin": [7.5, 0.45721, 9]},
			"faces": {
				"up": {"uv": [16, 5, 13, 0], "rotation": 90, "texture": "#1"},
				"down": {"uv": [13, 5, 16, 0], "rotation": 90, "texture": "#1"}
			}
		},
		{
			"from": [1.94224, -0.80986, 7.5],
			"to": [6.94224, -0.80886, 10.5],
			"rotation": {"angle": -22.5, "axis": "z", "origin": [7.5, 0.45721, 9]},
			"faces": {
				"up": {"uv": [16, 0, 13, 5], "rotation": 90, "texture": "#1"},
				"down": {"uv": [13, 0, 16, 5], "rotation": 90, "texture": "#1"}
			}
		},
		{
			"from": [1, -0.75, 1],
			"to": [14, -0.749, 15],
			"rotation": {"angle": 0, "axis": "y", "origin": [0, -1, 0]},
			"faces": {
				"up": {"uv": [16, 2, 3, 16], "texture": "#particle", "tintindex": 0},
				"down": {"uv": [16, 16, 3, 2], "texture": "#particle", "tintindex": 0}
			}
		},
		{
			"from": [8, -14.75, 7],
			"to": [8, -0.749, 10],
			"rotation": {"angle": 0, "axis": "y", "origin": [0, -2, 2]},
			"faces": {
				"east": {"uv": [0, 2, 3, 16], "texture": "#particle", "tintindex": 0},
				"west": {"uv": [3, 2, 0, 16], "texture": "#particle", "tintindex": 0}
			}
		}
	]
}