{
	"credit": "Created by Mickey Joe Alpha - http://YouTube.com/@MushirMickeyJoe",
	"parent": "block/cross",
	"textures": {
		"cross": "block/oxeye_daisy"
	},
	"display": {
		"firstperson_righthand": {
			"rotation": [17, -78, 21],
			"translation": [1.88, 4.95, 1.13],
			"scale": [0.68, 0.68, 0.68]
		},
		"firstperson_lefthand": {
			"rotation": [17, -78, 21],
			"translation": [1.88, 4.95, 1.13],
			"scale": [0.68, 0.68, 0.68]
		},
		"gui": {
			"rotation": [60, -35, 51],
			"translation": [1, -0.5, 0],
			"scale": [1.29, 1.29, 1.29]
		},
		"fixed": {
			"rotation": [-28.25, -45, 0],
			"translation": [-1.75, 4.75, -6.25],
			"scale": [2, 2, 2]
		}
	}
}