{
	"credit": "Created by Mickey Joe Alpha - http://YouTube.com/@MushirMickeyJoe",
	"parent": "block/block",
	"textures": {
		"particle": "block/red_mushroom"
	},
	"elements": [
		{
			"from": [6, 0, 6],
			"to": [8, 4, 8],
			"rotation": {"angle": 0, "axis": "y", "origin": [7, 8, 7]},
			"faces": {
				"north": {"uv": [6, 7, 8, 11], "texture": "#particle"},
				"east": {"uv": [6, 7, 8, 11], "texture": "#particle"},
				"south": {"uv": [6, 7, 8, 11], "texture": "#particle"},
				"west": {"uv": [6, 7, 8, 11], "texture": "#particle"},
				"down": {"uv": [8, 6, 10, 8], "texture": "#particle", "cullface": "down"}
			}
		},
		{
			"from": [4, 4, 4],
			"to": [10, 8, 10],
			"rotation": {"angle": 0, "axis": "y", "origin": [7, 8, 7]},
			"faces": {
				"north": {"uv": [6, 6, 0, 10], "texture": "#particle"},
				"east": {"uv": [6, 6, 0, 10], "texture": "#particle"},
				"south": {"uv": [0, 6, 6, 10], "texture": "#particle"},
				"west": {"uv": [0, 6, 6, 10], "texture": "#particle"},
				"up": {"uv": [0, 0, 6, 6], "texture": "#particle"},
				"down": {"uv": [6, 0, 12, 6], "texture": "#particle"}
			}
		}
	],
	"gui_light": "front",
	"display": {
		"thirdperson_righthand": {
			"translation": [0.5, 4, 1.5],
			"scale": [0.5, 0.5, 0.5]
		},
		"thirdperson_lefthand": {
			"translation": [-0.5, 4, 1.5],
			"scale": [0.5, 0.5, 0.5]
		},
		"firstperson_righthand": {
			"rotation": [0, 45, 0],
			"translation": [0, 2.5, 0],
			"scale": [0.4, 0.4, 0.4]
		},
		"firstperson_lefthand": {
			"rotation": [0, 45, 0],
			"translation": [0, 2.5, 0],
			"scale": [0.4, 0.4, 0.4]
		},
		"gui": {
			"rotation": [48.38, 0.07, 33.89],
			"translation": [-1, 1.25, 0],
			"scale": [1.2, 1.2, 1.2]
		},
		"head": {
			"translation": [0, 14.5, 0]
		}
	}
}