{
	"credit": "Created by Mickey Joe Alpha - http://YouTube.com/@MushirMickeyJoe",
	"ambientocclusion": false,
	"texture_size": [32, 32],
	"textures": {
		"particle": "block/pitcher_crop_bell"
	},
	"elements": [
		{
			"from": [4.1, -2.1, 3.9],
			"to": [12.1, 13.9, 11.9],
			"rotation": {"angle": 0, "axis": "y", "origin": [7.1, -2.1, 6.9]},
			"faces": {
				"north": {"uv": [4, 0, 8, 8], "texture": "#particle"},
				"east": {"uv": [12, 0, 8, 8], "texture": "#particle"},
				"south": {"uv": [0, 0, 4, 8], "texture": "#particle"},
				"west": {"uv": [8, 0, 12, 8], "texture": "#particle"},
				"down": {"uv": [16, 4, 12, 8], "texture": "#particle"}
			}
		},
		{
			"from": [12.1, 13.9, 11.9],
			"to": [4.1, 0, 3.9],
			"rotation": {"angle": 0, "axis": "y", "origin": [15.1, 40.8, 14.9]},
			"faces": {
				"north": {"uv": [8.5, 15, 4.5, 8], "texture": "#particle"},
				"east": {"uv": [12.5, 15, 8.5, 8], "texture": "#particle"},
				"south": {"uv": [12, 15, 16, 8], "texture": "#particle"},
				"west": {"uv": [8.5, 15, 12.5, 8], "texture": "#particle"},
				"up": {"uv": [12, 0, 16, 4], "texture": "#particle"}
			}
		},
		{
			"from": [3.6, 13.9, 1.9],
			"to": [12.6, 13.9, 14.9],
			"rotation": {"angle": 22.5, "axis": "x", "origin": [7.6, 13.9, 11.9]},
			"faces": {
				"up": {"uv": [4.5, 14.5, 0, 8], "texture": "#particle"},
				"down": {"uv": [4.5, 8, 0, 14.5], "texture": "#particle"}
			}
		}
	]
}