{
  "oversized_in_gui": true,
  "model": {
    "type": "select",
    "property": "component",
    "component": "custom_name",
    "cases": [
      {
        "when": [
          "Master's Sword",
          "Master Sword"
        ],
        "model": {
          "type": "condition",
          "property": "component",
          "predicate": "enchantments",
          "value": [
            {
              "enchantments": [
                "sharpness",
                "bane_of_arthropods",
                "smite"
              ],
              "levels": 5
            }
          ],
          "on_true": {
            "type": "model",
            "model": "item/netherite_sword/master_sword_sharpness"
          },
          "on_false": {
            "type": "model",
            "model": "item/netherite_sword/master_sword"
          }
        }
      },
      {
        "when": [
          "Skyward Master's Sword",
          "Skyward Master Sword"
        ],
        "model": {
          "type": "condition",
          "property": "component",
          "predicate": "enchantments",
          "value": [
            {
              "enchantments": [
                "sharpness",
                "bane_of_arthropods",
                "smite"
              ],
              "levels": 5
            }
          ],
          "on_true": {
            "type": "model",
            "model": "item/netherite_sword/skyward_master_sword_sharpness"
          },
          "on_false": {
            "type": "model",
            "model": "item/netherite_sword/skyward_master_sword"
          }
        }
      },
      {
        "when": [
          "Dark Master's Sword",
          "Dark Master Sword"
        ],
        "model": {
          "type": "condition",
          "property": "component",
          "predicate": "enchantments",
          "value": [
            {
              "enchantments": [
                "sharpness",
                "bane_of_arthropods",
                "smite"
              ],
              "levels": 5
            }
          ],
          "on_true": {
            "type": "model",
            "model": "item/netherite_sword/dark_master_sword_sharpness"
          },
          "on_false": {
            "type": "model",
            "model": "item/netherite_sword/dark_master_sword"
          }
        }
      },
      {
        "when": "Masamune",
        "model": {
          "type": "model",
          "model": "item/netherite_sword/masamune"
        }
      },
      {
        "when": "Dragonslayer Sword",
        "model": {
          "type": "model",
          "model": "item/netherite_sword/dragonslayer_sword"
        }
      }
    ],
    "fallback": {
      "type": "model",
      "model": "item/netherite_sword"
    }
  }
}