{
	"model": {
		"type": "composite",
		"models": [
			{
				"type": "model",
				"model": "block/rose_bush/rose_bush_top"
			},
			{
				"type": "model",
				"model": "block/rose_bush/rose_bush_rose_0_0"
			},
			{
				"type": "model",
				"model": "block/rose_bush/rose_bush_rose_1_0"
			},
			{
				"type": "model",
				"model": "block/rose_bush/rose_bush_rose_2_0"
			},
			{
				"type": "model",
				"model": "block/rose_bush/rose_bush_rose_3_0"
			},
			{
				"type": "model",
				"model": "block/rose_bush/rose_bush_rose_4_0"
			},
			{
				"type": "model",
				"model": "block/rose_bush/rose_bush_rose_5_0"
			},
			{
				"type": "model",
				"model": "block/rose_bush/rose_bush_rose_6_0"
			},
			{
				"type": "model",
				"model": "block/rose_bush/rose_bush_rose_7_0"
			}
		]
	},
	"oversized_in_gui": true
}